
CREATE TABLE IF NOT EXISTS "django_migrations" (
	"id"	integer NOT NULL,
	"app"	varchar(255) NOT NULL,
	"name"	varchar(255) NOT NULL,
	"applied"	datetime NOT NULL,
	PRIMARY KEY("id" AUTOINCREMENT)
);
CREATE TABLE IF NOT EXISTS "auth_group_permissions" (
	"id"	integer NOT NULL,
	"group_id"	integer NOT NULL,
	"permission_id"	integer NOT NULL,
	FOREIGN KEY("group_id") REFERENCES "auth_group"("id") DEFERRABLE INITIALLY DEFERRED,
	FOREIGN KEY("permission_id") REFERENCES "auth_permission"("id") DEFERRABLE INITIALLY DEFERRED,
	PRIMARY KEY("id" AUTOINCREMENT)
);
CREATE TABLE IF NOT EXISTS "auth_user_groups" (
	"id"	integer NOT NULL,
	"user_id"	integer NOT NULL,
	"group_id"	integer NOT NULL,
	FOREIGN KEY("group_id") REFERENCES "auth_group"("id") DEFERRABLE INITIALLY DEFERRED,
	FOREIGN KEY("user_id") REFERENCES "auth_user"("id") DEFERRABLE INITIALLY DEFERRED,
	PRIMARY KEY("id" AUTOINCREMENT)
);
CREATE TABLE IF NOT EXISTS "auth_user_user_permissions" (
	"id"	integer NOT NULL,
	"user_id"	integer NOT NULL,
	"permission_id"	integer NOT NULL,
	FOREIGN KEY("user_id") REFERENCES "auth_user"("id") DEFERRABLE INITIALLY DEFERRED,
	FOREIGN KEY("permission_id") REFERENCES "auth_permission"("id") DEFERRABLE INITIALLY DEFERRED,
	PRIMARY KEY("id" AUTOINCREMENT)
);
CREATE TABLE IF NOT EXISTS "django_admin_log" (
	"id"	integer NOT NULL,
	"action_time"	datetime NOT NULL,
	"object_id"	text,
	"object_repr"	varchar(200) NOT NULL,
	"change_message"	text NOT NULL,
	"content_type_id"	integer,
	"user_id"	integer NOT NULL,
	"action_flag"	smallint unsigned NOT NULL CHECK("action_flag" >= 0),
	PRIMARY KEY("id" AUTOINCREMENT),
	FOREIGN KEY("content_type_id") REFERENCES "django_content_type"("id") DEFERRABLE INITIALLY DEFERRED,
	FOREIGN KEY("user_id") REFERENCES "auth_user"("id") DEFERRABLE INITIALLY DEFERRED
);
CREATE TABLE IF NOT EXISTS "django_content_type" (
	"id"	integer NOT NULL,
	"app_label"	varchar(100) NOT NULL,
	"model"	varchar(100) NOT NULL,
	PRIMARY KEY("id" AUTOINCREMENT)
);
CREATE TABLE IF NOT EXISTS "auth_permission" (
	"id"	integer NOT NULL,
	"content_type_id"	integer NOT NULL,
	"codename"	varchar(100) NOT NULL,
	"name"	varchar(255) NOT NULL,
	PRIMARY KEY("id" AUTOINCREMENT),
	FOREIGN KEY("content_type_id") REFERENCES "django_content_type"("id") DEFERRABLE INITIALLY DEFERRED
);
CREATE TABLE IF NOT EXISTS "auth_group" (
	"id"	integer NOT NULL,
	"name"	varchar(150) NOT NULL UNIQUE,
	PRIMARY KEY("id" AUTOINCREMENT)
);
CREATE TABLE IF NOT EXISTS "auth_user" (
	"id"	integer NOT NULL,
	"password"	varchar(128) NOT NULL,
	"last_login"	datetime,
	"is_superuser"	bool NOT NULL,
	"username"	varchar(150) NOT NULL UNIQUE,
	"last_name"	varchar(150) NOT NULL,
	"email"	varchar(254) NOT NULL,
	"is_staff"	bool NOT NULL,
	"is_active"	bool NOT NULL,
	"date_joined"	datetime NOT NULL,
	"first_name"	varchar(150) NOT NULL,
	PRIMARY KEY("id" AUTOINCREMENT)
);
CREATE TABLE IF NOT EXISTS "django_session" (
	"session_key"	varchar(40) NOT NULL,
	"session_data"	text NOT NULL,
	"expire_date"	datetime NOT NULL,
	PRIMARY KEY("session_key")
);
CREATE TABLE IF NOT EXISTS "pages_electric_outage_brti_vl_weekly" (
	"id"	integer NOT NULL,
	"day_of_week"	varchar(200) NOT NULL,
	"number_of_hours_with_no_electricity_per_day"	integer NOT NULL,
	"number_of_hours_generator_was_on_per_day"	integer NOT NULL,
	"litres_of_fuel_added_to_generator_per_day"	integer NOT NULL,
	"number_of_hours_machines_was_not_being_used_due_to_power_cut_per_day"	integer NOT NULL,
	"total_tests_done_per_day_using_generator"	integer NOT NULL,
	PRIMARY KEY("id" AUTOINCREMENT)
);
CREATE TABLE IF NOT EXISTS "pages_electric_outage_brti_weekly" (
	"id"	integer NOT NULL,
	"day_of_week"	varchar(200) NOT NULL,
	"number_of_hours_with_no_electricity_per_day"	integer NOT NULL,
	"number_of_hours_generator_was_on_per_day"	integer NOT NULL,
	"litres_of_fuel_added_to_generator_per_day"	integer NOT NULL,
	"number_of_hours_machines_was_not_being_used_due_to_power_cut_per_day"	integer NOT NULL,
	"total_tests_done_per_day_using_generator"	integer NOT NULL,
	PRIMARY KEY("id" AUTOINCREMENT)
);
CREATE TABLE IF NOT EXISTS "pages_general_brti_covid_19" (
	"id"	integer NOT NULL,
	"day_of_week"	varchar(200) NOT NULL,
	"general_comments_regarding_testing_and_challenges_faced_by_the_laboratory"	varchar(5000),
	"number_of_staff_who_tested_positive_to_covid_19_at_vl_lab"	integer NOT NULL,
	"number_of_staff_who_have_been_vaccinated"	integer NOT NULL,
	"Comments"	text,
	"Request_to_brti_from_the_laboratory"	varchar(5000),
	PRIMARY KEY("id" AUTOINCREMENT)
);
CREATE TABLE IF NOT EXISTS "pages_general_covid_19" (
	"id"	integer NOT NULL,
	"day_of_week"	varchar(200) NOT NULL,
	"general_comments_regarding_testing_and_challenges_faced_by_the_laboratory"	varchar(5000),
	"number_of_staff_who_tested_positive_to_covid_19_at_vl_lab"	integer NOT NULL,
	"number_Of_Staff_who_tested_positive_to_covid_19_at_hubs"	integer NOT NULL,
	"number_of_staff_who_have_been_vaccinated"	integer NOT NULL,
	"Comments"	text,
	"Request_to_brti_from_the_laboratory"	varchar(5000),
	PRIMARY KEY("id" AUTOINCREMENT)
);
CREATE TABLE IF NOT EXISTS "pages_machine_downtime_reagent_stockout_tool_brti_covid_19" (
	"id"	integer NOT NULL,
	"day_of_week"	varchar(200) NOT NULL,
	"number_of_machine_breakdowns_abbott"	integer NOT NULL,
	"number_of_machine_breakdowns_bmx"	integer NOT NULL,
	"number_of_machine_breakdowns_genexpert"	integer NOT NULL,
	"number_of_machine_breakdowns_quant_studio_3"	integer NOT NULL,
	"number_of_machine_breakdowns_hologic_panther"	integer NOT NULL,
	"number_of_machine_breakdowns_comments"	text NOT NULL,
	"machine_downtime_days_abbott"	integer NOT NULL,
	"machine_downtime_days_bmx"	integer NOT NULL,
	"machine_downtime_days_genexpert"	integer NOT NULL,
	"machine_downtime_days_quant_studio_3"	integer NOT NULL,
	"machine_downtime_days_hologic_panther"	integer NOT NULL,
	"machine_downtime_days_comments"	text NOT NULL,
	"reagent_stockout_abbort"	integer NOT NULL,
	"reagent_stockout_bms"	integer NOT NULL,
	"reagent_stockout_genexpert"	integer NOT NULL,
	"reagent_stockout_quant_studio_3"	integer NOT NULL,
	"reagent_stockout_hologic_panther"	integer NOT NULL,
	"reagent_stockout_comments"	text NOT NULL,
	PRIMARY KEY("id" AUTOINCREMENT)
);
CREATE TABLE IF NOT EXISTS "pages_reasons_for_failure_brti_vl_eid" (
	"id"	integer NOT NULL,
	"day_of_week"	varchar(200) NOT NULL,
	"roche_plasma_number_of_failed_tests_due_to_sample_quality_issues"	integer NOT NULL,
	"roche_plasma_number_of_failed_tests_due_to_reagent_quality_issues"	integer NOT NULL,
	"roche_plasma_number_of_failed_tests_due_to_due_to_qc_failure"	integer NOT NULL,
	"roche_plasma_number_of_failed_tests_due_to_power_failure"	integer NOT NULL,
	"roche_plasma_number_of_failed_tests_due_to_mechanical_failure"	integer NOT NULL,
	"roche_plasma_number_of_failed_tests_due_to_processing_error"	integer NOT NULL,
	"roche_plasma_number_of_failed_tests_due_to_other"	integer NOT NULL,
	"roche_dqa_check_plasma"	integer NOT NULL,
	"roche_dbs_number_of_failed_tests_due_to_sample_quality_issues"	integer NOT NULL,
	"roche_dbs_number_of_failed_tests_due_to_reagent_quality_issues"	integer NOT NULL,
	"roche_dbs_number_of_failed_tests_due_to_due_to_qc_failure"	integer NOT NULL,
	"roche_dbs_number_of_failed_tests_due_to_power_failure"	integer NOT NULL,
	"roche_dbs_number_of_failed_tests_due_to_mechanical_failure"	integer NOT NULL,
	"roche_dbs_number_of_failed_tests_due_to_processing_error"	integer NOT NULL,
	"roche_dbs_number_of_failed_tests_due_to_other"	integer NOT NULL,
	"roche_dqa_check_dbs"	integer NOT NULL,
	"bmx_plasma_number_of_failed_tests_due_to_sample_quality_issues"	integer NOT NULL,
	"bmx_plasma_number_of_failed_tests_due_to_reagent_quality_issues"	integer NOT NULL,
	"bmx_plasma_number_of_failed_tests_due_to_due_to_qc_failure"	integer NOT NULL,
	"bmx_plasma_number_of_failed_tests_due_to_power_failure"	integer NOT NULL,
	"bmx_plasma_number_of_failed_tests_due_to_mechanical_failure"	integer NOT NULL,
	"bmx_plasma_number_of_failed_tests_due_to_processing_error"	integer NOT NULL,
	"bmx_plasma_number_of_failed_tests_due_to_other"	integer NOT NULL,
	"bmx_dqa_check_plasma"	integer NOT NULL,
	"bmx_dbs_number_of_failed_tests_due_to_sample_quality_issues"	integer NOT NULL,
	"bmx_dbs_number_of_failed_tests_due_to_reagent_quality_issues"	integer NOT NULL,
	"bmx_dbs_number_of_failed_tests_due_to_due_to_qc_failure"	integer NOT NULL,
	"bmx_dbs_number_of_failed_tests_due_to_power_failure"	integer NOT NULL,
	"bmx_dbs_number_of_failed_tests_due_to_mechanical_failure"	integer NOT NULL,
	"bmx_dbs_number_of_failed_tests_due_to_processing_error"	integer NOT NULL,
	"bmx_dbs_number_of_failed_tests_due_to_other"	integer NOT NULL,
	"bmx_dqa_check_dbs"	integer NOT NULL,
	"abbott_plasma_number_of_failed_tests_due_to_sample_quality_issues"	integer NOT NULL,
	"abbott_plasma_number_of_failed_tests_due_to_reagent_quality_issues"	integer NOT NULL,
	"abbott_plasma_number_of_failed_tests_due_to_due_to_qc_failure"	integer NOT NULL,
	"abbott_plasma_number_of_failed_tests_due_to_power_failure"	integer NOT NULL,
	"abbott_plasma_number_of_failed_tests_due_to_mechanical_failure"	integer NOT NULL,
	"abbott_plasma_number_of_failed_tests_due_to_processing_error"	integer NOT NULL,
	"abbott_plasma_number_of_failed_tests_due_to_other"	integer NOT NULL,
	"abbott_dqa_check_plasma"	integer NOT NULL,
	"abbott_dbs_number_of_failed_tests_due_to_sample_quality_issues"	integer NOT NULL,
	"abbott_dbs_number_of_failed_tests_due_to_reagent_quality_issues"	integer NOT NULL,
	"abbott_dbs_number_of_failed_tests_due_to_due_to_qc_failure"	integer NOT NULL,
	"abbott_dbs_number_of_failed_tests_due_to_power_failure"	integer NOT NULL,
	"abbott_dbs_number_of_failed_tests_due_to_mechanical_failure"	integer NOT NULL,
	"abbott_dbs_number_of_failed_tests_due_to_processing_error"	integer NOT NULL,
	"abbott_dbs_number_of_failed_tests_due_to_other"	integer NOT NULL,
	"abbott_dqa_check_dbs"	integer NOT NULL,
	"hologic_panther_plasma_number_of_failed_tests_due_to_sample_quality_issues"	integer NOT NULL,
	"hologic_panther_plasma_number_of_failed_tests_due_to_reagent_quality_issues"	integer NOT NULL,
	"hologic_panther_plasma_number_of_failed_tests_due_to_due_to_qc_failure"	integer NOT NULL,
	"hologic_panther_plasma_number_of_failed_tests_due_to_power_failure"	integer NOT NULL,
	"hologic_panther_plasma_number_of_failed_tests_due_to_mechanical_failure"	integer NOT NULL,
	"hologic_panther_plasma_number_of_failed_tests_due_to_processing_error"	integer NOT NULL,
	"hologic_panther_plasma_number_of_failed_tests_due_to_other"	integer NOT NULL,
	"hologic_panther_dqa_check_plasma"	integer NOT NULL,
	"hologic_panther_dbs_number_of_failed_tests_due_to_sample_quality_issues"	integer NOT NULL,
	"hologic_panther_dbs_number_of_failed_tests_due_to_reagent_quality_issues"	integer NOT NULL,
	"hologic_panther_dbs_number_of_failed_tests_due_to_due_to_qc_failure"	integer NOT NULL,
	"hologic_panther_dbs_number_of_failed_tests_due_to_power_failure"	integer NOT NULL,
	"hologic_panther_dbs_number_of_failed_tests_due_to_mechanical_failure"	integer NOT NULL,
	"hologic_panther_dbs_number_of_failed_tests_due_to_processing_error"	integer NOT NULL,
	"hologic_panther_dbs_number_of_failed_tests_due_to_other"	integer NOT NULL,
	"hologic_panther_dqa_check_dbs"	integer NOT NULL,
	PRIMARY KEY("id" AUTOINCREMENT)
);
CREATE TABLE IF NOT EXISTS "pages_reasons_for_failure_brti_vl_weekly" (
	"id"	integer NOT NULL,
	"day_of_week"	varchar(200) NOT NULL,
	"roche_plasma_number_of_failed_tests_due_to_sample_quality_issues"	integer NOT NULL,
	"roche_plasma_number_of_failed_tests_due_to_reagent_quality_issues"	integer NOT NULL,
	"roche_plasma_number_of_failed_tests_due_to_due_to_qc_failure"	integer NOT NULL,
	"roche_plasma_number_of_failed_tests_due_to_power_failure"	integer NOT NULL,
	"roche_plasma_number_of_failed_tests_due_to_mechanical_failure"	integer NOT NULL,
	"roche_plasma_number_of_failed_tests_due_to_processing_error"	integer NOT NULL,
	"roche_plasma_number_of_failed_tests_due_to_other"	integer NOT NULL,
	"roche_dqa_check_plasma"	integer NOT NULL,
	"roche_dbs_number_of_failed_tests_due_to_sample_quality_issues"	integer NOT NULL,
	"roche_dbs_number_of_failed_tests_due_to_reagent_quality_issues"	integer NOT NULL,
	"roche_dbs_number_of_failed_tests_due_to_due_to_qc_failure"	integer NOT NULL,
	"roche_dbs_number_of_failed_tests_due_to_power_failure"	integer NOT NULL,
	"roche_dbs_number_of_failed_tests_due_to_mechanical_failure"	integer NOT NULL,
	"roche_dbs_number_of_failed_tests_due_to_processing_error"	integer NOT NULL,
	"roche_dbs_number_of_failed_tests_due_to_other"	integer NOT NULL,
	"roche_dqa_check_dbs"	integer NOT NULL,
	"bmx_plasma_number_of_failed_tests_due_to_sample_quality_issues"	integer NOT NULL,
	"bmx_plasma_number_of_failed_tests_due_to_reagent_quality_issues"	integer NOT NULL,
	"bmx_plasma_number_of_failed_tests_due_to_due_to_qc_failure"	integer NOT NULL,
	"bmx_plasma_number_of_failed_tests_due_to_power_failure"	integer NOT NULL,
	"bmx_plasma_number_of_failed_tests_due_to_mechanical_failure"	integer NOT NULL,
	"bmx_plasma_number_of_failed_tests_due_to_processing_error"	integer NOT NULL,
	"bmx_plasma_number_of_failed_tests_due_to_other"	integer NOT NULL,
	"bmx_dqa_check_plasma"	integer NOT NULL,
	"bmx_dbs_number_of_failed_tests_due_to_sample_quality_issues"	integer NOT NULL,
	"bmx_dbs_number_of_failed_tests_due_to_reagent_quality_issues"	integer NOT NULL,
	"bmx_dbs_number_of_failed_tests_due_to_due_to_qc_failure"	integer NOT NULL,
	"bmx_dbs_number_of_failed_tests_due_to_power_failure"	integer NOT NULL,
	"bmx_dbs_number_of_failed_tests_due_to_mechanical_failure"	integer NOT NULL,
	"bmx_dbs_number_of_failed_tests_due_to_processing_error"	integer NOT NULL,
	"bmx_dbs_number_of_failed_tests_due_to_other"	integer NOT NULL,
	"bmx_dqa_check_dbs"	integer NOT NULL,
	"abbott_plasma_number_of_failed_tests_due_to_sample_quality_issues"	integer NOT NULL,
	"abbott_plasma_number_of_failed_tests_due_to_reagent_quality_issues"	integer NOT NULL,
	"abbott_plasma_number_of_failed_tests_due_to_due_to_qc_failure"	integer NOT NULL,
	"abbott_plasma_number_of_failed_tests_due_to_power_failure"	integer NOT NULL,
	"abbott_plasma_number_of_failed_tests_due_to_mechanical_failure"	integer NOT NULL,
	"abbott_plasma_number_of_failed_tests_due_to_processing_error"	integer NOT NULL,
	"abbott_plasma_number_of_failed_tests_due_to_other"	integer NOT NULL,
	"abbott_dqa_check_plasma"	integer NOT NULL,
	"abbott_dbs_number_of_failed_tests_due_to_sample_quality_issues"	integer NOT NULL,
	"abbott_dbs_number_of_failed_tests_due_to_reagent_quality_issues"	integer NOT NULL,
	"abbott_dbs_number_of_failed_tests_due_to_due_to_qc_failure"	integer NOT NULL,
	"abbott_dbs_number_of_failed_tests_due_to_power_failure"	integer NOT NULL,
	"abbott_dbs_number_of_failed_tests_due_to_mechanical_failure"	integer NOT NULL,
	"abbott_dbs_number_of_failed_tests_due_to_processing_error"	integer NOT NULL,
	"abbott_dbs_number_of_failed_tests_due_to_other"	integer NOT NULL,
	"abbott_dqa_check_dbs"	integer NOT NULL,
	"hologic_panther_plasma_number_of_failed_tests_due_to_sample_quality_issues"	integer NOT NULL,
	"hologic_panther_plasma_number_of_failed_tests_due_to_reagent_quality_issues"	integer NOT NULL,
	"hologic_panther_plasma_number_of_failed_tests_due_to_due_to_qc_failure"	integer NOT NULL,
	"hologic_panther_plasma_number_of_failed_tests_due_to_power_failure"	integer NOT NULL,
	"hologic_panther_plasma_number_of_failed_tests_due_to_mechanical_failure"	integer NOT NULL,
	"hologic_panther_plasma_number_of_failed_tests_due_to_processing_error"	integer NOT NULL,
	"hologic_panther_plasma_number_of_failed_tests_due_to_other"	integer NOT NULL,
	"hologic_panther_dqa_check_plasma"	integer NOT NULL,
	"hologic_panther_dbs_number_of_failed_tests_due_to_sample_quality_issues"	integer NOT NULL,
	"hologic_panther_dbs_number_of_failed_tests_due_to_reagent_quality_issues"	integer NOT NULL,
	"hologic_panther_dbs_number_of_failed_tests_due_to_due_to_qc_failure"	integer NOT NULL,
	"hologic_panther_dbs_number_of_failed_tests_due_to_power_failure"	integer NOT NULL,
	"hologic_panther_dbs_number_of_failed_tests_due_to_mechanical_failure"	integer NOT NULL,
	"hologic_panther_dbs_number_of_failed_tests_due_to_processing_error"	integer NOT NULL,
	"hologic_panther_dbs_number_of_failed_tests_due_to_other"	integer NOT NULL,
	"hologic_panther_dqa_check_dbs"	integer NOT NULL,
	PRIMARY KEY("id" AUTOINCREMENT)
);
CREATE TABLE IF NOT EXISTS "pages_reasons_for_failure_brti_weekly" (
	"id"	integer NOT NULL,
	"day_of_week"	varchar(200) NOT NULL,
	"roche_plasma_number_of_failed_tests_due_to_sample_quality_issues"	integer NOT NULL,
	"roche_plasma_number_of_failed_tests_due_to_reagent_quality_issues"	integer NOT NULL,
	"roche_plasma_number_of_failed_tests_due_to_due_to_qc_failure"	integer NOT NULL,
	"roche_plasma_number_of_failed_tests_due_to_power_failure"	integer NOT NULL,
	"roche_plasma_number_of_failed_tests_due_to_mechanical_failure"	integer NOT NULL,
	"roche_plasma_number_of_failed_tests_due_to_processing_error"	integer NOT NULL,
	"roche_plasma_number_of_failed_tests_due_to_other"	integer NOT NULL,
	"roche_dqa_check_plasma"	integer NOT NULL,
	"roche_dbs_number_of_failed_tests_due_to_sample_quality_issues"	integer NOT NULL,
	"roche_dbs_number_of_failed_tests_due_to_reagent_quality_issues"	integer NOT NULL,
	"roche_dbs_number_of_failed_tests_due_to_due_to_qc_failure"	integer NOT NULL,
	"roche_dbs_number_of_failed_tests_due_to_power_failure"	integer NOT NULL,
	"roche_dbs_number_of_failed_tests_due_to_mechanical_failure"	integer NOT NULL,
	"roche_dbs_number_of_failed_tests_due_to_processing_error"	integer NOT NULL,
	"roche_dbs_number_of_failed_tests_due_to_other"	integer NOT NULL,
	"roche_dqa_check_dbs"	integer NOT NULL,
	"bmx_plasma_number_of_failed_tests_due_to_sample_quality_issues"	integer NOT NULL,
	"bmx_plasma_number_of_failed_tests_due_to_reagent_quality_issues"	integer NOT NULL,
	"bmx_plasma_number_of_failed_tests_due_to_due_to_qc_failure"	integer NOT NULL,
	"bmx_plasma_number_of_failed_tests_due_to_power_failure"	integer NOT NULL,
	"bmx_plasma_number_of_failed_tests_due_to_mechanical_failure"	integer NOT NULL,
	"bmx_plasma_number_of_failed_tests_due_to_processing_error"	integer NOT NULL,
	"bmx_plasma_number_of_failed_tests_due_to_other"	integer NOT NULL,
	"bmx_dqa_check_plasma"	integer NOT NULL,
	"bmx_dbs_number_of_failed_tests_due_to_sample_quality_issues"	integer NOT NULL,
	"bmx_dbs_number_of_failed_tests_due_to_reagent_quality_issues"	integer NOT NULL,
	"bmx_dbs_number_of_failed_tests_due_to_due_to_qc_failure"	integer NOT NULL,
	"bmx_dbs_number_of_failed_tests_due_to_power_failure"	integer NOT NULL,
	"bmx_dbs_number_of_failed_tests_due_to_mechanical_failure"	integer NOT NULL,
	"bmx_dbs_number_of_failed_tests_due_to_processing_error"	integer NOT NULL,
	"bmx_dbs_number_of_failed_tests_due_to_other"	integer NOT NULL,
	"bmx_dqa_check_dbs"	integer NOT NULL,
	"abbott_plasma_number_of_failed_tests_due_to_sample_quality_issues"	integer NOT NULL,
	"abbott_plasma_number_of_failed_tests_due_to_reagent_quality_issues"	integer NOT NULL,
	"abbott_plasma_number_of_failed_tests_due_to_due_to_qc_failure"	integer NOT NULL,
	"abbott_plasma_number_of_failed_tests_due_to_power_failure"	integer NOT NULL,
	"abbott_plasma_number_of_failed_tests_due_to_mechanical_failure"	integer NOT NULL,
	"abbott_plasma_number_of_failed_tests_due_to_processing_error"	integer NOT NULL,
	"abbott_plasma_number_of_failed_tests_due_to_other"	integer NOT NULL,
	"abbott_dqa_check_plasma"	integer NOT NULL,
	"abbott_dbs_number_of_failed_tests_due_to_sample_quality_issues"	integer NOT NULL,
	"abbott_dbs_number_of_failed_tests_due_to_reagent_quality_issues"	integer NOT NULL,
	"abbott_dbs_number_of_failed_tests_due_to_due_to_qc_failure"	integer NOT NULL,
	"abbott_dbs_number_of_failed_tests_due_to_power_failure"	integer NOT NULL,
	"abbott_dbs_number_of_failed_tests_due_to_mechanical_failure"	integer NOT NULL,
	"abbott_dbs_number_of_failed_tests_due_to_processing_error"	integer NOT NULL,
	"abbott_dbs_number_of_failed_tests_due_to_other"	integer NOT NULL,
	"abbott_dqa_check_dbs"	integer NOT NULL,
	"hologic_panther_plasma_number_of_failed_tests_due_to_sample_quality_issues"	integer NOT NULL,
	"hologic_panther_plasma_number_of_failed_tests_due_to_reagent_quality_issues"	integer NOT NULL,
	"hologic_panther_plasma_number_of_failed_tests_due_to_due_to_qc_failure"	integer NOT NULL,
	"hologic_panther_plasma_number_of_failed_tests_due_to_power_failure"	integer NOT NULL,
	"hologic_panther_plasma_number_of_failed_tests_due_to_mechanical_failure"	integer NOT NULL,
	"hologic_panther_plasma_number_of_failed_tests_due_to_processing_error"	integer NOT NULL,
	"hologic_panther_plasma_number_of_failed_tests_due_to_other"	integer NOT NULL,
	"hologic_panther_dqa_check_plasma"	integer NOT NULL,
	"hologic_panther_dbs_number_of_failed_tests_due_to_sample_quality_issues"	integer NOT NULL,
	"hologic_panther_dbs_number_of_failed_tests_due_to_reagent_quality_issues"	integer NOT NULL,
	"hologic_panther_dbs_number_of_failed_tests_due_to_due_to_qc_failure"	integer NOT NULL,
	"hologic_panther_dbs_number_of_failed_tests_due_to_power_failure"	integer NOT NULL,
	"hologic_panther_dbs_number_of_failed_tests_due_to_mechanical_failure"	integer NOT NULL,
	"hologic_panther_dbs_number_of_failed_tests_due_to_processing_error"	integer NOT NULL,
	"hologic_panther_dbs_number_of_failed_tests_due_to_other"	integer NOT NULL,
	"hologic_panther_dqa_check_dbs"	integer NOT NULL,
	PRIMARY KEY("id" AUTOINCREMENT)
);
CREATE TABLE IF NOT EXISTS "pages_record" (
	"id"	integer NOT NULL,
	"courseTitle"	varchar(200) NOT NULL,
	"courseTopic"	varchar(200) NOT NULL,
	"description"	text NOT NULL,
	"is_reviewed"	bool,
	"email"	varchar(254) NOT NULL,
	"submissionDate"	datetime NOT NULL,
	"owner"	varchar(300) NOT NULL,
	PRIMARY KEY("id" AUTOINCREMENT)
);
CREATE TABLE IF NOT EXISTS "pages_specimens_received_brti_covid_19" (
	"id"	integer NOT NULL,
	"day_of_week"	varchar(200) NOT NULL,
	"samples_carried_over_previous_weeks"	integer NOT NULL,
	"samples_received_current_week_nasopharyngeal_swab"	integer NOT NULL,
	"samples_received_current_week_nasal_swab"	integer NOT NULL,
	"samples_received_current_week_oropharyngeal_swab"	integer NOT NULL,
	"samples_received_current_week_midturbinate_swab"	integer NOT NULL,
	"samples_received_current_week_sputum"	integer NOT NULL,
	"samples_received_current_week_whole_blood_or_plasma_or_serum"	integer NOT NULL,
	"samples_received_current_week_other"	integer NOT NULL,
	"samples_rejected_current_week"	integer NOT NULL,
	"total_samples_received_current_week"	integer NOT NULL,
	"number_of_samples_entered_into_lims"	integer NOT NULL,
	"total_samples_current_plus_carryover"	integer NOT NULL,
	"samples_referred"	integer NOT NULL,
	"samples_referred_to_name"	integer NOT NULL,
	"rejection_rate_current_week"	decimal NOT NULL,
	"number_of_results_printed_lims"	integer NOT NULL,
	"total_results_dispatched_by_lab"	integer NOT NULL,
	"comment"	varchar(5000),
	PRIMARY KEY("id" AUTOINCREMENT)
);
CREATE TABLE IF NOT EXISTS "pages_specimens_received_brti_vl_eid" (
	"id"	integer NOT NULL,
	"day_of_week"	varchar(200) NOT NULL,
	"samples_carried_over_previous_week_never_tested_plasma"	integer NOT NULL,
	"samples_carried_over_previous_week_never_tested_dbs"	integer NOT NULL,
	"samples_carried_over_previous_previous_failed_samples_plasma"	integer NOT NULL,
	"samples_carried_over_previous_previous_failed_samples_dbs"	integer NOT NULL,
	"samples_received_current_week_plasma"	integer NOT NULL,
	"samples_received_current_week_dbs"	integer NOT NULL,
	"samples_rejected_current_week_plasma"	integer NOT NULL,
	"samples_rejected_current_week_dbs"	integer NOT NULL,
	"total_samples_received_current_week_plasma"	integer NOT NULL,
	"total_samples_received_current_week_dbs"	integer NOT NULL,
	"number_of_samples_entered_into_lims_on_day_of_arrival_plasma"	integer NOT NULL,
	"number_of_samples_entered_into_lims_on_day_of_arrival_dbs"	integer NOT NULL,
	"number_of_samples_entered_into_lims_after_day_of_arrival_plasma"	integer NOT NULL,
	"number_of_samples_entered_into_lims_after_day_of_arrival_dbs"	integer NOT NULL,
	"number_of_hours_lims_was_functional"	integer NOT NULL,
	"total_samples_current_and_carryover_plasma"	integer NOT NULL,
	"total_samples_current_and_carryover_dbs"	integer NOT NULL,
	"samples_reffered_plasma"	integer NOT NULL,
	"samples_reffered_dbs"	integer NOT NULL,
	"lab_samples_reffered_to"	integer NOT NULL,
	"percentage_rejection_rate_plasma"	decimal NOT NULL,
	"percentage_rejection_rate_dbs"	decimal NOT NULL,
	"number_of_results_printed_from_lims_plasma"	integer NOT NULL,
	"number_of_results_printed_from_lims_dbs"	integer NOT NULL,
	"total_results_dispatched_by_lab_plasma"	integer NOT NULL,
	"total_results_dispatched_by_lab_dbs"	integer NOT NULL,
	"total_results_dispatched_by_lab_via_sms_plasma"	integer NOT NULL,
	"total_results_dispatched_by_lab_via_sms_dbs"	integer NOT NULL,
	"reasons_for_rejections_sample_quality_compromised_plasma"	integer NOT NULL,
	"reasons_for_rejections_sample_quality_compromised_dbs"	integer NOT NULL,
	"reasons_for_rejections_sample_quality_compromised_sample_quality_insufficient_plasma"	integer NOT NULL,
	"reasons_for_rejections_sample_quality_compromised_sample_quality_insufficient_dbs"	integer NOT NULL,
	"reasons_for_rejections_sample_quality_compromised_sample_information_mismatch_plasma"	integer NOT NULL,
	"reasons_for_rejections_sample_quality_compromised_sample_information_mismatch_dbs"	integer NOT NULL,
	"reasons_for_rejections_sample_quality_compromised_sample_or_request_form_missing_plasma"	integer NOT NULL,
	"reasons_for_rejections_sample_quality_compromised_sample_or_request_form_missing_dbs"	integer NOT NULL,
	"reasons_for_rejections_sample_quality_compromised_qda_check_plasma"	integer NOT NULL,
	"reasons_for_rejections_sample_quality_compromised_qda_check_dbs"	integer NOT NULL,
	"reasons_for_sample_refferal_reagent_or_kit_stockout_plasma"	integer NOT NULL,
	"reasons_for_sample_refferal_reagent_or_kit_stockout_dbs"	integer NOT NULL,
	"reasons_for_sample_refferal_instrument_mechanical_failure_plasma"	integer NOT NULL,
	"reasons_for_sample_refferal_instrument_mechanical_failure_dbs"	integer NOT NULL,
	"reasons_for_sample_refferal_insufficient_instrument_capacity_plasma"	integer NOT NULL,
	"reasons_for_sample_refferal_insufficient_instrument_capacity_dbs"	integer NOT NULL,
	"reasons_for_sample_refferal_insufficient_hr_capacity_plasma"	integer NOT NULL,
	"reasons_for_sample_refferal_insufficient_hr_capacity_dbs"	integer NOT NULL,
	"reasons_for_sample_refferal_dqa_check_plasma"	integer NOT NULL,
	"reasons_for_sample_refferal_dqa_check_dbs"	integer NOT NULL,
	"comments"	text,
	PRIMARY KEY("id" AUTOINCREMENT)
);
CREATE TABLE IF NOT EXISTS "pages_specimens_received_brti_weekly" (
	"id"	integer NOT NULL,
	"day_of_week"	varchar(200) NOT NULL,
	"samples_carried_over_previous_weeks_never_tested_plasma"	integer NOT NULL,
	"samples_carried_over_previous_weeks_never_tested_dbs"	integer NOT NULL,
	"samples_carried_over_previous_failed_samples_plasma"	integer NOT NULL,
	"samples_carried_over_previous_failed_samples_dbs"	integer NOT NULL,
	"samples_received_current_week_plasma"	integer NOT NULL,
	"samples_received_current_week_dbs"	integer NOT NULL,
	"samples_rejected_current_week_plasma"	integer NOT NULL,
	"samples_rejected_current_week_dbs"	integer NOT NULL,
	"total_samples_received_current_week_plasma"	integer NOT NULL,
	"total_samples_received_current_week_dbs"	integer NOT NULL,
	"number_of_samples_entered_into_lims_on_day_of_arrival_plasma"	integer NOT NULL,
	"number_of_samples_entered_into_lims_on_day_of_arrival_dbs"	integer NOT NULL,
	"number_of_samples_entered_into_lims_after_day_of_arrival_plasma"	integer NOT NULL,
	"number_of_samples_entered_into_lims_after_day_of_arrival_dbs"	integer NOT NULL,
	"number_of_hours_lims_was_functional"	integer NOT NULL,
	"total_samples_current_plus_carryover_plasma"	integer NOT NULL,
	"total_samples_current_plus_carryover_dbs"	integer NOT NULL,
	"samples_reffered_plasma"	integer NOT NULL,
	"samples_reffered_dbs"	integer NOT NULL,
	"lab_samples_reffered_to"	integer NOT NULL,
	"percentage_rejection_rate_plasma"	decimal NOT NULL,
	"percentage_rejection_rate_dbs"	decimal NOT NULL,
	"number_of_results_printed_from_lims_plasma"	integer NOT NULL,
	"number_of_results_printed_from_lims_dbs"	integer NOT NULL,
	"total_results_dispatched_by_lab_plasma"	integer NOT NULL,
	"total_results_dispatched_by_lab_dbs"	integer NOT NULL,
	"total_results_dispatched_by_lab_via_sms_plasma"	integer NOT NULL,
	"total_results_dispatched_by_lab_via_sms_dbs"	integer NOT NULL,
	"reasons_for_rejections_sample_quality_compromised_plasma"	integer NOT NULL,
	"reasons_for_rejections_sample_quality_compromised_dbs"	integer NOT NULL,
	"reasons_for_rejections_sample_quality_compromised_sample_quality_insufficient_plasma"	integer NOT NULL,
	"reasons_for_rejections_sample_quality_compromised_sample_quality_insufficient_dbs"	integer NOT NULL,
	"reasons_for_rejections_sample_quality_compromised_sample_information_mismatch_plasma"	integer NOT NULL,
	"reasons_for_rejections_sample_quality_compromised_sample_information_mismatch_dbs"	integer NOT NULL,
	"reasons_for_rejections_sample_quality_compromised_sample_or_request_form_missing_plasma"	integer NOT NULL,
	"reasons_for_rejections_sample_quality_compromised_sample_or_request_form_missing_dbs"	integer NOT NULL,
	"reasons_for_rejections_sample_quality_compromised_qda_check_plasma"	integer NOT NULL,
	"reasons_for_rejections_sample_quality_compromised_qda_check_dbs"	integer NOT NULL,
	"reasons_for_sample_refferal_reagent_or_kit_stockout_plasma"	integer NOT NULL,
	"reasons_for_sample_refferal_reagent_or_kit_stockout_dbs"	integer NOT NULL,
	"reasons_for_sample_refferal_instrument_mechanical_failure_plasma"	integer NOT NULL,
	"reasons_for_sample_refferal_instrument_mechanical_failure_dbs"	integer NOT NULL,
	"reasons_for_sample_refferal_insufficient_instrument_capacity_plasma"	integer NOT NULL,
	"reasons_for_sample_refferal_insufficient_instrument_capacity_dbs"	integer NOT NULL,
	"reasons_for_sample_refferal_insufficient_hr_capacity_plasma"	integer NOT NULL,
	"reasons_for_sample_refferal_insufficient_hr_capacity_dbs"	integer NOT NULL,
	"reasons_for_sample_refferal_dqa_check_plasma"	integer NOT NULL,
	"reasons_for_sample_refferal_dqa_check_dbs"	integer NOT NULL,
	"comments"	text,
	PRIMARY KEY("id" AUTOINCREMENT)
);
CREATE TABLE IF NOT EXISTS "pages_specimens_received_covid_19" (
	"id"	integer NOT NULL,
	"day_of_week"	varchar(200) NOT NULL,
	"samples_carried_over_previous_weeks"	integer NOT NULL,
	"samples_received_current_week_nasopharyngeal_swab"	integer NOT NULL,
	"samples_received_current_week_nasal_swab"	integer NOT NULL,
	"samples_received_current_week_oropharyngeal_swab"	integer NOT NULL,
	"samples_received_current_week_midturbinate_swab"	integer NOT NULL,
	"samples_received_current_week_sputum"	integer NOT NULL,
	"samples_received_current_week_whole_blood_or_plasma_or_serum"	integer NOT NULL,
	"samples_received_current_week_other"	integer NOT NULL,
	"samples_rejected_current_week"	integer NOT NULL,
	"total_samples_received_current_week"	integer NOT NULL,
	"number_of_samples_entered_into_lims"	integer NOT NULL,
	"total_samples_current_plus_carryover"	integer NOT NULL,
	"samples_referred"	integer NOT NULL,
	"rejection_rate_current_week"	decimal NOT NULL,
	"number_of_results_printed_lims"	integer NOT NULL,
	"total_results_dispatched_by_lab"	integer NOT NULL,
	"comment"	varchar(5000),
	"samples_Referred_to_Name"	varchar(500) NOT NULL,
	PRIMARY KEY("id" AUTOINCREMENT)
);
CREATE TABLE IF NOT EXISTS "pages_specimens_recieved_brti_vl_weekly" (
	"id"	integer NOT NULL,
	"day_of_week"	varchar(200) NOT NULL,
	"samples_carried_over_previous_week_never_tested_plasma"	integer NOT NULL,
	"samples_carried_over_previous_week_never_tested_dbs"	integer NOT NULL,
	"samples_carried_over_previous_previous_failed_samples_plasma"	integer NOT NULL,
	"samples_carried_over_previous_previous_failed_samples_dbs"	integer NOT NULL,
	"samples_received_current_week_plasma"	integer NOT NULL,
	"samples_received_current_week_dbs"	integer NOT NULL,
	"samples_rejected_current_week_plasma"	integer NOT NULL,
	"samples_rejected_current_week_dbs"	integer NOT NULL,
	"total_samples_received_current_week_plasma"	integer NOT NULL,
	"total_samples_received_current_week_dbs"	integer NOT NULL,
	"number_of_samples_entered_into_lims_on_day_of_arrival_plasma"	integer NOT NULL,
	"number_of_samples_entered_into_lims_on_day_of_arrival_dbs"	integer NOT NULL,
	"number_of_samples_entered_into_lims_after_day_of_arrival_plasma"	integer NOT NULL,
	"number_of_samples_entered_into_lims_after_day_of_arrival_dbs"	integer NOT NULL,
	"number_of_hours_lims_was_functional"	integer NOT NULL,
	"total_samples_current_and_carryover_plasma"	integer NOT NULL,
	"total_samples_current_and_carryover_dbs"	integer NOT NULL,
	"samples_reffered_plasma"	integer NOT NULL,
	"samples_reffered_dbs"	integer NOT NULL,
	"lab_samples_reffered_to"	integer NOT NULL,
	"percentage_rejection_rate_plasma"	decimal NOT NULL,
	"percentage_rejection_rate_dbs"	decimal NOT NULL,
	"number_of_results_printed_from_lims_plasma"	integer NOT NULL,
	"number_of_results_printed_from_lims_dbs"	integer NOT NULL,
	"total_results_dispatched_by_lab_plasma"	integer NOT NULL,
	"total_results_dispatched_by_lab_dbs"	integer NOT NULL,
	"total_results_dispatched_by_lab_via_sms_plasma"	integer NOT NULL,
	"total_results_dispatched_by_lab_via_sms_dbs"	integer NOT NULL,
	"reasons_for_rejections_sample_quality_compromised_plasma"	integer NOT NULL,
	"reasons_for_rejections_sample_quality_compromised_dbs"	integer NOT NULL,
	"reasons_for_rejections_sample_quality_compromised_sample_quality_insufficient_plasma"	integer NOT NULL,
	"reasons_for_rejections_sample_quality_compromised_sample_quality_insufficient_dbs"	integer NOT NULL,
	"reasons_for_rejections_sample_quality_compromised_sample_information_mismatch_plasma"	integer NOT NULL,
	"reasons_for_rejections_sample_quality_compromised_sample_information_mismatch_dbs"	integer NOT NULL,
	"reasons_for_rejections_sample_quality_compromised_sample_or_request_form_missing_plasma"	integer NOT NULL,
	"reasons_for_rejections_sample_quality_compromised_sample_or_request_form_missing_dbs"	integer NOT NULL,
	"reasons_for_rejections_sample_quality_compromised_qda_check_plasma"	integer NOT NULL,
	"reasons_for_rejections_sample_quality_compromised_qda_check_dbs"	integer NOT NULL,
	"reasons_for_sample_refferal_reagent_or_kit_stockout_plasma"	integer NOT NULL,
	"reasons_for_sample_refferal_reagent_or_kit_stockout_dbs"	integer NOT NULL,
	"reasons_for_sample_refferal_instrument_mechanical_failure_plasma"	integer NOT NULL,
	"reasons_for_sample_refferal_instrument_mechanical_failure_dbs"	integer NOT NULL,
	"reasons_for_sample_refferal_insufficient_instrument_capacity_plasma"	integer NOT NULL,
	"reasons_for_sample_refferal_insufficient_instrument_capacity_dbs"	integer NOT NULL,
	"reasons_for_sample_refferal_insufficient_hr_capacity_plasma"	integer NOT NULL,
	"reasons_for_sample_refferal_insufficient_hr_capacity_dbs"	integer NOT NULL,
	"reasons_for_sample_refferal_dqa_check_plasma"	integer NOT NULL,
	"reasons_for_sample_refferal_dqa_check_dbs"	integer NOT NULL,
	"comments"	text,
	PRIMARY KEY("id" AUTOINCREMENT)
);
CREATE TABLE IF NOT EXISTS "pages_specimens_run_brti_covid_19" (
	"id"	integer NOT NULL,
	"day_of_week"	varchar(200) NOT NULL,
	"tests_done_abbott_run"	integer NOT NULL,
	"tests_done_abbott_failed_but_eligibale_for_repeat"	integer NOT NULL,
	"tests_done_abbott_failed_but_not_eligibale_for_repeat"	integer NOT NULL,
	"tests_done_abbott_repeat"	integer NOT NULL,
	"tests_done_bmx_run"	integer NOT NULL,
	"tests_done_bmx_failed_but_eligibale_for_repeat"	integer NOT NULL,
	"tests_done_bmx_failed_but_not_eligibale_for_repeat"	integer NOT NULL,
	"tests_done_bmx_repeat"	integer NOT NULL,
	"tests_done_genexpert_run"	integer NOT NULL,
	"tests_done_genexpert_failed_but_eligibale_for_repeat"	integer NOT NULL,
	"tests_done_genexpert_failed_but_not_eligibale_for_repeat"	integer NOT NULL,
	"tests_done_genexpert_repeat"	integer NOT NULL,
	"tests_done_quant_studio_3_run"	integer NOT NULL,
	"tests_done_quant_studio_3_failed_but_eligibale_for_repeat"	integer NOT NULL,
	"tests_done_quant_studio_3_failed_but_not_eligibale_for_repeat"	integer NOT NULL,
	"tests_done_quant_studio_3_repeat"	integer NOT NULL,
	"tests_done_hologic_panther_run"	integer NOT NULL,
	"tests_done_hologic_panther_failed_but_eligibale_for_repeat"	integer NOT NULL,
	"tests_done_hologic_panther_failed_but_not_eligibale_for_repeat"	integer NOT NULL,
	"tests_done_hologic_panther_repeat"	integer NOT NULL,
	"tests_done_rdt_ab_run"	integer NOT NULL,
	"tests_done_rdt_ab_failed_but_eligibale_for_repeat"	integer NOT NULL,
	"tests_done_rdt_ab_failed_but_not_eligibale_for_repeat"	integer NOT NULL,
	"tests_done_rdt_ab_repeat"	integer NOT NULL,
	"tests_done_rdt_ag_run"	integer NOT NULL,
	"tests_done_rdt_ag_failed_but_eligibale_for_repeat"	integer NOT NULL,
	"tests_done_rdt_ag_failed_but_not_eligibale_for_repeat"	integer NOT NULL,
	"tests_done_rdt_ag_repeat"	integer NOT NULL,
	"total_tests_done"	integer NOT NULL,
	"total_repeats"	integer NOT NULL,
	"total_patients_run"	integer NOT NULL,
	"error_rates_abbott"	integer NOT NULL,
	"error_rates_bmx"	integer NOT NULL,
	"error_rates_genexpert"	integer NOT NULL,
	"error_rates_quant_studio_3"	integer NOT NULL,
	"error_rates_hologic_panther"	integer NOT NULL,
	"error_rates_rdt_ab"	integer NOT NULL,
	"error_rates_rdt_ag"	integer NOT NULL,
	PRIMARY KEY("id" AUTOINCREMENT)
);
CREATE TABLE IF NOT EXISTS "pages_specimens_run_brti_vl_eid" (
	"id"	integer NOT NULL,
	"day_of_week"	varchar(200) NOT NULL,
	"tests_done_roche_number_of_samples_received_this_week_plasma"	integer NOT NULL,
	"tests_done_roche_number_of_samples_carried_over_previous_weeks_plasma"	integer NOT NULL,
	"tests_done_roche_failed_but_eligibale_for_repeat_plasma"	integer NOT NULL,
	"tests_done_roche_failed_but_not_eligibale_for_repeat_plasma"	integer NOT NULL,
	"tests_done_roche_repeat_plasma"	integer NOT NULL,
	"tests_done_roche_failed_after_repeat_testing_plasma"	integer NOT NULL,
	"tests_done_roche_number_of_samples_received_this_week_dbs"	integer NOT NULL,
	"tests_done_roche_number_of_samples_carried_over_previous_weeks_dbs"	integer NOT NULL,
	"tests_done_roche_failed_but_eligibale_for_repeat_dbs"	integer NOT NULL,
	"tests_done_roche_failed_but_not_eligibale_for_repeat_dbs"	integer NOT NULL,
	"tests_done_roche_repeat_dbs"	integer NOT NULL,
	"tests_done_roche_failed_after_repeat_testing_dbs"	integer NOT NULL,
	"tests_done_bmx_number_of_samples_received_this_week_plasma"	integer NOT NULL,
	"tests_done_bmx_number_of_samples_carried_over_previous_weeks_plasma"	integer NOT NULL,
	"tests_done_bmx_failed_but_eligibale_for_repeat_plasma"	integer NOT NULL,
	"tests_done_bmx_failed_but_not_eligibale_for_repeat_plasma"	integer NOT NULL,
	"tests_done_bmx_repeat_plasma"	integer NOT NULL,
	"tests_done_bmx_failed_after_repeat_testing_plasma"	integer NOT NULL,
	"tests_done_bmx_number_of_samples_received_this_week_dbs"	integer NOT NULL,
	"tests_done_bmx_number_of_samples_carried_over_previous_weeks_dbs"	integer NOT NULL,
	"tests_done_bmx_failed_but_eligibale_for_repeat_dbs"	integer NOT NULL,
	"tests_done_bmx_failed_but_not_eligibale_for_repeat_dbs"	integer NOT NULL,
	"tests_done_bmx_repeat_dbs"	integer NOT NULL,
	"tests_done_bmx_failed_after_repeat_testing_dbs"	integer NOT NULL,
	"tests_done_abbott_number_of_samples_received_this_week_plasma"	integer NOT NULL,
	"tests_done_abbott_number_of_samples_carried_over_previous_weeks_plasma"	integer NOT NULL,
	"tests_done_abbott_failed_but_eligibale_for_repeat_plasma"	integer NOT NULL,
	"tests_done_abbott_failed_but_not_eligibale_for_repeat_plasma"	integer NOT NULL,
	"tests_done_abbott_repeat_plasma"	integer NOT NULL,
	"tests_done_abbott_failed_after_repeat_testing_plasma"	integer NOT NULL,
	"tests_done_abbott_number_of_samples_received_this_week_dbs"	integer NOT NULL,
	"tests_done_abbott_number_of_samples_carried_over_previous_weeks_dbs"	integer NOT NULL,
	"tests_done_abbott_failed_but_eligibale_for_repeat_dbs"	integer NOT NULL,
	"tests_done_abbott_failed_but_not_eligibale_for_repeat_dbs"	integer NOT NULL,
	"tests_done_abbott_repeat_dbs"	integer NOT NULL,
	"tests_done_abbott_failed_after_repeat_testing_dbs"	integer NOT NULL,
	"tests_done_hologic_panther_number_of_samples_received_this_week_plasma"	integer NOT NULL,
	"tests_done_hologic_panther_number_of_samples_carried_over_previous_weeks_plasma"	integer NOT NULL,
	"tests_done_hologic_panther_failed_but_eligibale_for_repeat_plasma"	integer NOT NULL,
	"tests_done_hologic_panther_failed_but_not_eligibale_for_repeat_plasma"	integer NOT NULL,
	"tests_done_hologic_panther_repeat_plasma"	integer NOT NULL,
	"tests_done_hologic_panther_failed_after_repeat_testing_plasma"	integer NOT NULL,
	"tests_done_hologic_panther_number_of_samples_received_this_week_dbs"	integer NOT NULL,
	"tests_done_hologic_panther_number_of_samples_carried_over_previous_weeks_dbs"	integer NOT NULL,
	"tests_done_hologic_panther_failed_but_eligibale_for_repeat_dbs"	integer NOT NULL,
	"tests_done_hologic_panther_failed_but_not_eligibale_for_repeat_dbs"	integer NOT NULL,
	"tests_done_hologic_panther_repeat_dbs"	integer NOT NULL,
	"tests_done_hologic_panther_failed_after_repeat_testing_dbs"	integer NOT NULL,
	"total_tests_done"	integer NOT NULL,
	"total_repeats"	integer NOT NULL,
	"total_patients_run"	integer NOT NULL,
	"targets_weekly"	integer NOT NULL,
	"percentage_targets_achievements"	decimal NOT NULL,
	"percentage_error_rate_roche_plasma"	decimal NOT NULL,
	"percentage_error_rate_roche_dbs"	decimal NOT NULL,
	"percentage_error_rate_bmx_plasma"	decimal NOT NULL,
	"percentage_error_rate_bmx_dbs"	decimal NOT NULL,
	"percentage_error_rate_abbott_plasma"	decimal NOT NULL,
	"percentage_error_rate_abbott_dbs"	decimal NOT NULL,
	"percentage_error_rate_hologic_panther_plasma"	decimal NOT NULL,
	"percentage_error_rate_hologic_panther_dbs"	decimal NOT NULL,
	"total_ncs_from_audit"	text,
	"ncs_not_yet_closed"	text,
	"ncs_closed_this_week"	text,
	"total_ncs_from_audit1"	text,
	"ncs_not_yet_closed1"	text,
	"ncs_closed_this_week1"	text,
	PRIMARY KEY("id" AUTOINCREMENT)
);
CREATE TABLE IF NOT EXISTS "pages_specimens_run_brti_vl_weekly" (
	"id"	integer NOT NULL,
	"day_of_week"	varchar(200) NOT NULL,
	"tests_done_roche_number_of_samples_received_this_week_plasma"	integer NOT NULL,
	"tests_done_roche_number_of_samples_carried_over_previous_weeks_plasma"	integer NOT NULL,
	"tests_done_roche_failed_but_eligibale_for_repeat_plasma"	integer NOT NULL,
	"tests_done_roche_failed_but_not_eligibale_for_repeat_plasma"	integer NOT NULL,
	"tests_done_roche_repeat_plasma"	integer NOT NULL,
	"tests_done_roche_failed_after_repeat_testing_plasma"	integer NOT NULL,
	"tests_done_roche_number_of_samples_received_this_week_dbs"	integer NOT NULL,
	"tests_done_roche_number_of_samples_carried_over_previous_weeks_dbs"	integer NOT NULL,
	"tests_done_roche_failed_but_eligibale_for_repeat_dbs"	integer NOT NULL,
	"tests_done_roche_failed_but_not_eligibale_for_repeat_dbs"	integer NOT NULL,
	"tests_done_roche_repeat_dbs"	integer NOT NULL,
	"tests_done_roche_failed_after_repeat_testing_dbs"	integer NOT NULL,
	"tests_done_bmx_number_of_samples_received_this_week_plasma"	integer NOT NULL,
	"tests_done_bmx_number_of_samples_carried_over_previous_weeks_plasma"	integer NOT NULL,
	"tests_done_bmx_failed_but_eligibale_for_repeat_plasma"	integer NOT NULL,
	"tests_done_bmx_failed_but_not_eligibale_for_repeat_plasma"	integer NOT NULL,
	"tests_done_bmx_repeat_plasma"	integer NOT NULL,
	"tests_done_bmx_failed_after_repeat_testing_plasma"	integer NOT NULL,
	"tests_done_bmx_number_of_samples_received_this_week_dbs"	integer NOT NULL,
	"tests_done_bmx_number_of_samples_carried_over_previous_weeks_dbs"	integer NOT NULL,
	"tests_done_bmx_failed_but_eligibale_for_repeat_dbs"	integer NOT NULL,
	"tests_done_bmx_failed_but_not_eligibale_for_repeat_dbs"	integer NOT NULL,
	"tests_done_bmx_repeat_dbs"	integer NOT NULL,
	"tests_done_bmx_failed_after_repeat_testing_dbs"	integer NOT NULL,
	"tests_done_abbott_number_of_samples_received_this_week_plasma"	integer NOT NULL,
	"tests_done_abbott_number_of_samples_carried_over_previous_weeks_plasma"	integer NOT NULL,
	"tests_done_abbott_failed_but_eligibale_for_repeat_plasma"	integer NOT NULL,
	"tests_done_abbott_failed_but_not_eligibale_for_repeat_plasma"	integer NOT NULL,
	"tests_done_abbott_repeat_plasma"	integer NOT NULL,
	"tests_done_abbott_failed_after_repeat_testing_plasma"	integer NOT NULL,
	"tests_done_abbott_number_of_samples_received_this_week_dbs"	integer NOT NULL,
	"tests_done_abbott_number_of_samples_carried_over_previous_weeks_dbs"	integer NOT NULL,
	"tests_done_abbott_failed_but_eligibale_for_repeat_dbs"	integer NOT NULL,
	"tests_done_abbott_failed_but_not_eligibale_for_repeat_dbs"	integer NOT NULL,
	"tests_done_abbott_repeat_dbs"	integer NOT NULL,
	"tests_done_abbott_failed_after_repeat_testing_dbs"	integer NOT NULL,
	"tests_done_hologic_panther_number_of_samples_received_this_week_plasma"	integer NOT NULL,
	"tests_done_hologic_panther_number_of_samples_carried_over_previous_weeks_plasma"	integer NOT NULL,
	"tests_done_hologic_panther_failed_but_eligibale_for_repeat_plasma"	integer NOT NULL,
	"tests_done_hologic_panther_failed_but_not_eligibale_for_repeat_plasma"	integer NOT NULL,
	"tests_done_hologic_panther_repeat_plasma"	integer NOT NULL,
	"tests_done_hologic_panther_failed_after_repeat_testing_plasma"	integer NOT NULL,
	"tests_done_hologic_panther_number_of_samples_received_this_week_dbs"	integer NOT NULL,
	"tests_done_hologic_panther_number_of_samples_carried_over_previous_weeks_dbs"	integer NOT NULL,
	"tests_done_hologic_panther_failed_but_eligibale_for_repeat_dbs"	integer NOT NULL,
	"tests_done_hologic_panther_failed_but_not_eligibale_for_repeat_dbs"	integer NOT NULL,
	"tests_done_hologic_panther_repeat_dbs"	integer NOT NULL,
	"tests_done_hologic_panther_failed_after_repeat_testing_dbs"	integer NOT NULL,
	"total_tests_done"	integer NOT NULL,
	"total_repeats"	integer NOT NULL,
	"total_patients_run"	integer NOT NULL,
	"targets_weekly"	integer NOT NULL,
	"percentage_targets_achievements"	decimal NOT NULL,
	"percentage_error_rate_roche_plasma"	decimal NOT NULL,
	"percentage_error_rate_roche_dbs"	decimal NOT NULL,
	"percentage_error_rate_bmx_plasma"	decimal NOT NULL,
	"percentage_error_rate_bmx_dbs"	decimal NOT NULL,
	"percentage_error_rate_abbott_plasma"	decimal NOT NULL,
	"percentage_error_rate_abbott_dbs"	decimal NOT NULL,
	"percentage_error_rate_hologic_panther_plasma"	decimal NOT NULL,
	"percentage_error_rate_hologic_panther_dbs"	decimal NOT NULL,
	"total_ncs_from_audit"	text,
	"ncs_not_yet_closed"	text,
	PRIMARY KEY("id" AUTOINCREMENT)
);
CREATE TABLE IF NOT EXISTS "pages_specimens_run_brti_weekly" (
	"id"	integer NOT NULL,
	"day_of_week"	varchar(200) NOT NULL,
	"tests_done_roche_number_of_samples_received_this_week_plasma"	integer NOT NULL,
	"tests_done_roche_number_of_samples_carried_over_previous_weeks_plasma"	integer NOT NULL,
	"tests_done_roche_failed_but_eligibale_for_repeat_plasma"	integer NOT NULL,
	"tests_done_roche_failed_but_not_eligibale_for_repeat_plasma"	integer NOT NULL,
	"tests_done_roche_repeat_plasma"	integer NOT NULL,
	"tests_done_roche_failed_after_repeat_testing_plasma"	integer NOT NULL,
	"tests_done_roche_number_of_samples_received_this_week_dbs"	integer NOT NULL,
	"tests_done_roche_number_of_samples_carried_over_previous_weeks_dbs"	integer NOT NULL,
	"tests_done_roche_failed_but_eligibale_for_repeat_dbs"	integer NOT NULL,
	"tests_done_roche_failed_but_not_eligibale_for_repeat_dbs"	integer NOT NULL,
	"tests_done_roche_repeat_dbs"	integer NOT NULL,
	"tests_done_roche_failed_after_repeat_testing_dbs"	integer NOT NULL,
	"tests_done_bmx_number_of_samples_received_this_week_plasma"	integer NOT NULL,
	"tests_done_bmx_number_of_samples_carried_over_previous_weeks_plasma"	integer NOT NULL,
	"tests_done_bmx_failed_but_eligibale_for_repeat_plasma"	integer NOT NULL,
	"tests_done_bmx_failed_but_not_eligibale_for_repeat_plasma"	integer NOT NULL,
	"tests_done_bmx_repeat_plasma"	integer NOT NULL,
	"tests_done_bmx_failed_after_repeat_testing_plasma"	integer NOT NULL,
	"tests_done_bmx_number_of_samples_received_this_week_dbs"	integer NOT NULL,
	"tests_done_bmx_number_of_samples_carried_over_previous_weeks_dbs"	integer NOT NULL,
	"tests_done_bmx_failed_but_eligibale_for_repeat_dbs"	integer NOT NULL,
	"tests_done_bmx_failed_but_not_eligibale_for_repeat_dbs"	integer NOT NULL,
	"tests_done_bmx_repeat_dbs"	integer NOT NULL,
	"tests_done_bmx_failed_after_repeat_testing_dbs"	integer NOT NULL,
	"tests_done_abbott_number_of_samples_received_this_week_plasma"	integer NOT NULL,
	"tests_done_abbott_number_of_samples_carried_over_previous_weeks_plasma"	integer NOT NULL,
	"tests_done_abbott_failed_but_eligibale_for_repeat_plasma"	integer NOT NULL,
	"tests_done_abbott_failed_but_not_eligibale_for_repeat_plasma"	integer NOT NULL,
	"tests_done_abbott_repeat_plasma"	integer NOT NULL,
	"tests_done_abbott_failed_after_repeat_testing_plasma"	integer NOT NULL,
	"tests_done_abbott_number_of_samples_received_this_week_dbs"	integer NOT NULL,
	"tests_done_abbott_number_of_samples_carried_over_previous_weeks_dbs"	integer NOT NULL,
	"tests_done_abbott_failed_but_eligibale_for_repeat_dbs"	integer NOT NULL,
	"tests_done_abbott_failed_but_not_eligibale_for_repeat_dbs"	integer NOT NULL,
	"tests_done_abbott_repeat_dbs"	integer NOT NULL,
	"tests_done_abbott_failed_after_repeat_testing_dbs"	integer NOT NULL,
	"tests_done_hologic_panther_number_of_samples_received_this_week_plasma"	integer NOT NULL,
	"tests_done_hologic_panther_number_of_samples_carried_over_previous_weeks_plasma"	integer NOT NULL,
	"tests_done_hologic_panther_failed_but_eligibale_for_repeat_plasma"	integer NOT NULL,
	"tests_done_hologic_panther_failed_but_not_eligibale_for_repeat_plasma"	integer NOT NULL,
	"tests_done_hologic_panther_repeat_plasma"	integer NOT NULL,
	"tests_done_hologic_panther_failed_after_repeat_testing_plasma"	integer NOT NULL,
	"tests_done_hologic_panther_number_of_samples_received_this_week_dbs"	integer NOT NULL,
	"tests_done_hologic_panther_number_of_samples_carried_over_previous_weeks_dbs"	integer NOT NULL,
	"tests_done_hologic_panther_failed_but_eligibale_for_repeat_dbs"	integer NOT NULL,
	"tests_done_hologic_panther_failed_but_not_eligibale_for_repeat_dbs"	integer NOT NULL,
	"tests_done_hologic_panther_repeat_dbs"	integer NOT NULL,
	"tests_done_hologic_panther_failed_after_repeat_testing_dbs"	integer NOT NULL,
	"total_tests_done"	integer NOT NULL,
	"total_repeats"	integer NOT NULL,
	"total_patients_run"	integer NOT NULL,
	"targets_weekly"	integer NOT NULL,
	"percentage_targets_achievements"	decimal NOT NULL,
	"percentage_error_rate_roche_plasma"	decimal NOT NULL,
	"percentage_error_rate_roche_dbs"	decimal NOT NULL,
	"percentage_error_rate_bmx_plasma"	decimal NOT NULL,
	"percentage_error_rate_bmx_dbs"	decimal NOT NULL,
	"percentage_error_rate_abbott_plasma"	decimal NOT NULL,
	"percentage_error_rate_abbott_dbs"	decimal NOT NULL,
	"percentage_error_rate_hologic_panther_plasma"	decimal NOT NULL,
	"percentage_error_rate_hologic_panther_dbs"	decimal NOT NULL,
	"total_ncs_from_audit"	text,
	"ncs_not_yet_closed"	text,
	PRIMARY KEY("id" AUTOINCREMENT)
);
CREATE TABLE IF NOT EXISTS "pages_specimens_run_covid_19" (
	"id"	integer NOT NULL,
	"day_of_week"	varchar(200) NOT NULL,
	"tests_done_abbott_run"	integer NOT NULL,
	"tests_done_abbott_failed_but_eligibale_for_repeat"	integer NOT NULL,
	"tests_done_abbott_failed_but_not_eligibale_for_repeat"	integer NOT NULL,
	"tests_done_abbott_repeat"	integer NOT NULL,
	"tests_done_bmx_run"	integer NOT NULL,
	"tests_done_bmx_failed_but_eligibale_for_repeat"	integer NOT NULL,
	"tests_done_bmx_failed_but_not_eligibale_for_repeat"	integer NOT NULL,
	"tests_done_bmx_repeat"	integer NOT NULL,
	"tests_done_genexpert_run"	integer NOT NULL,
	"tests_done_genexpert_failed_but_eligibale_for_repeat"	integer NOT NULL,
	"tests_done_genexpert_failed_but_not_eligibale_for_repeat"	integer NOT NULL,
	"tests_done_genexpert_repeat"	integer NOT NULL,
	"tests_done_quant_studio_3_run"	integer NOT NULL,
	"tests_done_quant_studio_3_failed_but_eligibale_for_repeat"	integer NOT NULL,
	"tests_done_quant_studio_3_failed_but_not_eligibale_for_repeat"	integer NOT NULL,
	"tests_done_quant_studio_3_repeat"	integer NOT NULL,
	"tests_done_hologic_panther_run"	integer NOT NULL,
	"tests_done_hologic_panther_failed_but_eligibale_for_repeat"	integer NOT NULL,
	"tests_done_hologic_panther_failed_but_not_eligibale_for_repeat"	integer NOT NULL,
	"tests_done_hologic_panther_repeat"	integer NOT NULL,
	"tests_done_rdt_ab_run"	integer NOT NULL,
	"tests_done_rdt_ab_failed_but_eligibale_for_repeat"	integer NOT NULL,
	"tests_done_rdt_ab_failed_but_not_eligibale_for_repeat"	integer NOT NULL,
	"tests_done_rdt_ab_repeat"	integer NOT NULL,
	"tests_done_rdt_ag_run"	integer NOT NULL,
	"tests_done_rdt_ag_failed_but_eligibale_for_repeat"	integer NOT NULL,
	"tests_done_rdt_ag_failed_but_not_eligibale_for_repeat"	integer NOT NULL,
	"tests_done_rdt_ag_repeat"	integer NOT NULL,
	"total_tests_done"	integer NOT NULL,
	"total_repeats"	integer NOT NULL,
	"total_patients_run"	integer NOT NULL,
	"error_rates_abbott"	integer NOT NULL,
	"error_rates_bmx"	integer NOT NULL,
	"error_rates_genexpert"	integer NOT NULL,
	"error_rates_quant_studio_3"	integer NOT NULL,
	"error_rates_hologic_panther"	integer NOT NULL,
	"error_rates_rdt_ab"	integer NOT NULL,
	"error_rates_rdt_ag"	integer NOT NULL,
	PRIMARY KEY("id" AUTOINCREMENT)
);
CREATE TABLE IF NOT EXISTS "pages_top_3_brti_vl_weekly" (
	"id"	integer NOT NULL,
	"tat_median_collection_to_pickup_plasma_hrs"	varchar(20) NOT NULL,
	"tat_median_specimen_hub_to_vl_lab_plasma_days"	varchar(20) NOT NULL,
	"tat_median_intra_lab_plasma_days"	varchar(20) NOT NULL,
	"tat_median_results_vl_lab_to_hub_plasma_days"	varchar(20) NOT NULL,
	"tat_median_results_hub_to_clinic_plasma_days"	varchar(20) NOT NULL,
	"tat_median_collection_to_pickup_dbs_hrs"	varchar(20) NOT NULL,
	"tat_median_specimen_hub_to_vl_lab_dbs_days"	varchar(20) NOT NULL,
	"tat_median_intra_lab_dbs_days"	varchar(20) NOT NULL,
	"tat_median_results_vl_lab_to_hub_dbs_days"	varchar(20) NOT NULL,
	"tat_median_results_hub_to_clinic_dbs_days"	varchar(20) NOT NULL,
	PRIMARY KEY("id" AUTOINCREMENT)
);
CREATE TABLE IF NOT EXISTS "pages_top_3_brti_weekly" (
	"id"	integer NOT NULL,
	"tat_median_collection_to_pickup_plasma_hrs"	varchar(20) NOT NULL,
	"tat_median_specimen_hub_to_vl_lab_plasma_days"	varchar(20) NOT NULL,
	"tat_median_intra_lab_plasma_days"	varchar(20) NOT NULL,
	"tat_median_results_vl_lab_to_hub_plasma_days"	varchar(20) NOT NULL,
	"tat_median_results_hub_to_clinic_plasma_days"	varchar(20) NOT NULL,
	"tat_median_collection_to_pickup_dbs_hrs"	varchar(20) NOT NULL,
	"tat_median_specimen_hub_to_vl_lab_dbs_days"	varchar(20) NOT NULL,
	"tat_median_intra_lab_dbs_days"	varchar(20) NOT NULL,
	"tat_median_results_vl_lab_to_hub_dbs_days"	varchar(20) NOT NULL,
	"tat_median_results_hub_to_clinic_dbs_days"	varchar(20) NOT NULL,
	PRIMARY KEY("id" AUTOINCREMENT)
);
CREATE TABLE IF NOT EXISTS "pages_top_3_covid_19" (
	"id"	integer NOT NULL,
	"number_of_days_tat1"	varchar(10) NOT NULL,
	"number_of_days_tat2"	varchar(10) NOT NULL,
	"number_of_days_tat3"	varchar(10) NOT NULL,
	"number_of_days_tat_total"	varchar(10) NOT NULL,
	"number_of_completed_transmittal_sheet_received"	varchar(10) NOT NULL,
	PRIMARY KEY("id" AUTOINCREMENT)
);
CREATE TABLE IF NOT EXISTS "pages_top_4_brti_vl_weekly" (
	"id"	integer NOT NULL,
	"machine_number_of_machine_breakdowns_roche"	varchar(20) NOT NULL,
	"machine_number_of_machine_breakdowns_abbott"	varchar(20) NOT NULL,
	"machine_number_of_machine_breakdowns_hologic_panther"	varchar(20) NOT NULL,
	"machine_number_of_machine_breakdowns_bmx"	varchar(20) NOT NULL,
	"machine_reasons_roche"	varchar(20) NOT NULL,
	"machine_reasons_abbott"	varchar(20) NOT NULL,
	"machine_reasons_hologic_panther"	varchar(20) NOT NULL,
	"machine_reasons_bmx"	varchar(20) NOT NULL,
	PRIMARY KEY("id" AUTOINCREMENT)
);
CREATE TABLE IF NOT EXISTS "pages_top_4_brti_weekly" (
	"id"	integer NOT NULL,
	"machine_number_of_machine_breakdowns_roche"	varchar(20) NOT NULL,
	"machine_number_of_machine_breakdowns_abbott"	varchar(20) NOT NULL,
	"machine_number_of_machine_breakdowns_hologic_panther"	varchar(20) NOT NULL,
	"machine_number_of_machine_breakdowns_bmx"	varchar(20) NOT NULL,
	"machine_reasons_roche"	varchar(20) NOT NULL,
	"machine_reasons_abbott"	varchar(20) NOT NULL,
	"machine_reasons_hologic_panther"	varchar(20) NOT NULL,
	"machine_reasons_bmx"	varchar(20) NOT NULL,
	PRIMARY KEY("id" AUTOINCREMENT)
);
CREATE TABLE IF NOT EXISTS "pages_top_5_brti_vl_weekly" (
	"id"	integer NOT NULL,
	"machine_downtime_days_roche"	varchar(20) NOT NULL,
	"machine_reasons_roche"	varchar(20) NOT NULL,
	"machine_time_taken_for_downtime_to_be_resolved_roche"	varchar(20) NOT NULL,
	"machine_downtime_days_abbott"	varchar(20) NOT NULL,
	"machine_reasons_abbott"	varchar(20) NOT NULL,
	"machine_time_taken_for_downtime_to_be_resolved_abbott"	varchar(20) NOT NULL,
	"machine_downtime_days_hologic_panther"	varchar(20) NOT NULL,
	"machine_reasons_hologic_panther"	varchar(20) NOT NULL,
	"machine_time_taken_for_downtime_to_be_resolved_hologic_panther"	varchar(20) NOT NULL,
	"machine_downtime_days_bmx"	varchar(20) NOT NULL,
	"machine_reasons_bmx"	varchar(20) NOT NULL,
	"machine_time_taken_for_downtime_to_be_resolved_bmx"	varchar(20) NOT NULL,
	PRIMARY KEY("id" AUTOINCREMENT)
);
CREATE TABLE IF NOT EXISTS "pages_top_5_brti_weekly" (
	"id"	integer NOT NULL,
	"machine_downtime_days_roche"	varchar(20) NOT NULL,
	"machine_reasons_roche"	varchar(20) NOT NULL,
	"machine_time_taken_for_downtime_to_be_resolved_roche"	varchar(20) NOT NULL,
	"machine_downtime_days_abbott"	varchar(20) NOT NULL,
	"machine_reasons_abbott"	varchar(20) NOT NULL,
	"machine_time_taken_for_downtime_to_be_resolved_abbott"	varchar(20) NOT NULL,
	"machine_downtime_days_hologic_panther"	varchar(20) NOT NULL,
	"machine_reasons_hologic_panther"	varchar(20) NOT NULL,
	"machine_time_taken_for_downtime_to_be_resolved_hologic_panther"	varchar(20) NOT NULL,
	"machine_downtime_days_bmx"	varchar(20) NOT NULL,
	"machine_reasons_bmx"	varchar(20) NOT NULL,
	"machine_time_taken_for_downtime_to_be_resolved_bmx"	varchar(20) NOT NULL,
	PRIMARY KEY("id" AUTOINCREMENT)
);
CREATE TABLE IF NOT EXISTS "pages_top_6_1_brti_weekly" (
	"id"	integer NOT NULL,
	"machine_amount_of_liquid_waste_roche"	varchar(20) NOT NULL,
	"machine_amount_of_liquid_waste_abbott"	varchar(20) NOT NULL,
	"machine_amount_of_liquid_waste_hologic_panther"	varchar(20) NOT NULL,
	"machine_amount_of_liquid_waste_bmx"	varchar(20) NOT NULL,
	PRIMARY KEY("id" AUTOINCREMENT)
);
CREATE TABLE IF NOT EXISTS "pages_top_6_brti_vl_weekly" (
	"id"	integer NOT NULL,
	"machine_stockout_days_roche"	varchar(20) NOT NULL,
	"machine_reasons_roche"	varchar(20) NOT NULL,
	"machine_stockout_days_abbott"	varchar(20) NOT NULL,
	"machine_reasons_abbott"	varchar(20) NOT NULL,
	"machine_stockout_days_hologic_panther"	varchar(20) NOT NULL,
	"machine_reasons_hologic_panther"	varchar(20) NOT NULL,
	"machine_stockout_days_bmx"	varchar(20) NOT NULL,
	"machine_reasons_bmx"	varchar(20) NOT NULL,
	PRIMARY KEY("id" AUTOINCREMENT)
);
CREATE TABLE IF NOT EXISTS "pages_top_6_brti_weekly" (
	"id"	integer NOT NULL,
	"machine_stockout_days_roche"	varchar(20) NOT NULL,
	"machine_reasons_roche"	varchar(20) NOT NULL,
	"machine_stockout_days_abbott"	varchar(20) NOT NULL,
	"machine_reasons_abbott"	varchar(20) NOT NULL,
	"machine_stockout_days_hologic_panther"	varchar(20) NOT NULL,
	"machine_reasons_hologic_panther"	varchar(20) NOT NULL,
	"machine_stockout_days_bmx"	varchar(20) NOT NULL,
	"machine_reasons_bmx"	varchar(20) NOT NULL,
	PRIMARY KEY("id" AUTOINCREMENT)
);
CREATE TABLE IF NOT EXISTS "pages_top_7_brti_vl_weekly" (
	"id"	integer NOT NULL,
	"reagent_tests_loaned_out_to_other_labs_reagent_loaned_to_which_lab_roche"	varchar(20) NOT NULL,
	"reagent_tests_loaned_out_to_other_labs_reagent_received_on_loan_from_other_labs_roche"	varchar(20) NOT NULL,
	"reagent_tests_loaned_out_to_other_labs_reagent_received_on_loan_from_which_labs_roche"	varchar(20) NOT NULL,
	"reagent_tests_loaned_out_to_other_labs_stock_on_hand_roche"	varchar(20) NOT NULL,
	"reagent_tests_loaned_out_to_other_labs_tests_available_roche"	varchar(20) NOT NULL,
	"reagent_tests_loaned_out_to_other_labs_months_of_stock_roche"	varchar(20) NOT NULL,
	"reagent_tests_loaned_out_to_other_labs_tests_expired_this_month_before_use_roche"	varchar(20) NOT NULL,
	"reagent_tests_loaned_out_to_other_labs_reagent_loaned_to_which_lab_abbott"	varchar(20) NOT NULL,
	"reagent_tests_loaned_out_to_other_labs_reagent_received_on_loan_from_other_labs_abbott"	varchar(20) NOT NULL,
	"reagent_tests_loaned_out_to_other_labs_reagent_received_on_loan_from_which_labs_abbott"	varchar(20) NOT NULL,
	"reagent_tests_loaned_out_to_other_labs_stock_on_hand_abbott"	varchar(20) NOT NULL,
	"reagent_tests_loaned_out_to_other_labs_tests_available_abbott"	varchar(20) NOT NULL,
	"reagent_tests_loaned_out_to_other_labs_months_of_stock_abbott"	varchar(20) NOT NULL,
	"reagent_tests_loaned_out_to_other_labs_tests_expired_this_month_before_use_abbott"	varchar(20) NOT NULL,
	"reagent_tests_loaned_out_to_other_labs_reagent_loaned_to_which_lab_hologic_panther"	varchar(20) NOT NULL,
	"reagent_tests_loaned_out_to_other_labs_reagent_received_on_loan_from_other_labs_hologic_panther"	varchar(20) NOT NULL,
	"reagent_tests_loaned_out_to_other_labs_reagent_received_on_loan_from_which_labs_hologic_panther"	varchar(20) NOT NULL,
	"reagent_tests_loaned_out_to_other_labs_stock_on_hand_hologic_panther"	varchar(20) NOT NULL,
	"reagent_tests_loaned_out_to_other_labs_tests_available_hologic_panther"	varchar(20) NOT NULL,
	"reagent_tests_loaned_out_to_other_labs_months_of_stock_hologic_panther"	varchar(20) NOT NULL,
	"reagent_tests_loaned_out_to_other_labs_tests_expired_this_month_before_use_hologic_panther"	varchar(20) NOT NULL,
	"reagent_tests_loaned_out_to_other_labs_reagent_loaned_to_which_lab_bmx"	varchar(20) NOT NULL,
	"reagent_tests_loaned_out_to_other_labs_reagent_received_on_loan_from_other_labs_bmx"	varchar(20) NOT NULL,
	"reagent_tests_loaned_out_to_other_labs_reagent_received_on_loan_from_which_labs_bmx"	varchar(20) NOT NULL,
	"reagent_tests_loaned_out_to_other_labs_stock_on_hand_bmx"	varchar(20) NOT NULL,
	"reagent_tests_loaned_out_to_other_labs_tests_available_bmx"	varchar(20) NOT NULL,
	"reagent_tests_loaned_out_to_other_labs_months_of_stock_bmx"	varchar(20) NOT NULL,
	"reagent_tests_loaned_out_to_other_labs_tests_expired_this_month_before_use_bmx"	varchar(20) NOT NULL,
	PRIMARY KEY("id" AUTOINCREMENT)
);
CREATE TABLE IF NOT EXISTS "pages_top_7_brti_weekly" (
	"id"	integer NOT NULL,
	"reagent_tests_loaned_out_to_other_labs_reagent_loaned_to_which_lab_roche"	varchar(20) NOT NULL,
	"reagent_tests_loaned_out_to_other_labs_reagent_received_on_loan_from_other_labs_roche"	varchar(20) NOT NULL,
	"reagent_tests_loaned_out_to_other_labs_reagent_received_on_loan_from_which_labs_roche"	varchar(20) NOT NULL,
	"reagent_tests_loaned_out_to_other_labs_stock_on_hand_roche"	varchar(20) NOT NULL,
	"reagent_tests_loaned_out_to_other_labs_tests_available_roche"	varchar(20) NOT NULL,
	"reagent_tests_loaned_out_to_other_labs_months_of_stock_roche"	varchar(20) NOT NULL,
	"reagent_tests_loaned_out_to_other_labs_tests_expired_this_month_before_use_roche"	varchar(20) NOT NULL,
	"reagent_tests_loaned_out_to_other_labs_reagent_loaned_to_which_lab_abbott"	varchar(20) NOT NULL,
	"reagent_tests_loaned_out_to_other_labs_reagent_received_on_loan_from_other_labs_abbott"	varchar(20) NOT NULL,
	"reagent_tests_loaned_out_to_other_labs_reagent_received_on_loan_from_which_labs_abbott"	varchar(20) NOT NULL,
	"reagent_tests_loaned_out_to_other_labs_stock_on_hand_abbott"	varchar(20) NOT NULL,
	"reagent_tests_loaned_out_to_other_labs_tests_available_abbott"	varchar(20) NOT NULL,
	"reagent_tests_loaned_out_to_other_labs_months_of_stock_abbott"	varchar(20) NOT NULL,
	"reagent_tests_loaned_out_to_other_labs_tests_expired_this_month_before_use_abbott"	varchar(20) NOT NULL,
	"reagent_tests_loaned_out_to_other_labs_reagent_loaned_to_which_lab_hologic_panther"	varchar(20) NOT NULL,
	"reagent_tests_loaned_out_to_other_labs_reagent_received_on_loan_from_other_labs_hologic_panther"	varchar(20) NOT NULL,
	"reagent_tests_loaned_out_to_other_labs_reagent_received_on_loan_from_which_labs_hologic_panther"	varchar(20) NOT NULL,
	"reagent_tests_loaned_out_to_other_labs_stock_on_hand_hologic_panther"	varchar(20) NOT NULL,
	"reagent_tests_loaned_out_to_other_labs_tests_available_hologic_panther"	varchar(20) NOT NULL,
	"reagent_tests_loaned_out_to_other_labs_months_of_stock_hologic_panther"	varchar(20) NOT NULL,
	"reagent_tests_loaned_out_to_other_labs_tests_expired_this_month_before_use_hologic_panther"	varchar(20) NOT NULL,
	"reagent_tests_loaned_out_to_other_labs_reagent_loaned_to_which_lab_bmx"	varchar(20) NOT NULL,
	"reagent_tests_loaned_out_to_other_labs_reagent_received_on_loan_from_other_labs_bmx"	varchar(20) NOT NULL,
	"reagent_tests_loaned_out_to_other_labs_reagent_received_on_loan_from_which_labs_bmx"	varchar(20) NOT NULL,
	"reagent_tests_loaned_out_to_other_labs_stock_on_hand_bmx"	varchar(20) NOT NULL,
	"reagent_tests_loaned_out_to_other_labs_tests_available_bmx"	varchar(20) NOT NULL,
	"reagent_tests_loaned_out_to_other_labs_months_of_stock_bmx"	varchar(20) NOT NULL,
	"reagent_tests_loaned_out_to_other_labs_tests_expired_this_month_before_use_bmx"	varchar(20) NOT NULL,
	PRIMARY KEY("id" AUTOINCREMENT)
);
CREATE TABLE IF NOT EXISTS "pages_top_age_sex_dissagregation_of_all_specimens_received_brti_vl_weekly" (
	"id"	integer NOT NULL,
	"age_male_less_than_15"	varchar(20) NOT NULL,
	"age_female_non_pbfw_less_than_15"	varchar(20) NOT NULL,
	"age_female_pbfw_less_than_15"	varchar(20) NOT NULL,
	"age_unknown_less_than_15"	varchar(20) NOT NULL,
	"age_total_less_than_15"	varchar(20) NOT NULL,
	"age_male_15_to_19"	varchar(20) NOT NULL,
	"age_female_non_pbfw_15_to_19"	varchar(20) NOT NULL,
	"age_female_pbfw_15_to_19"	varchar(20) NOT NULL,
	"age_unknown_15_to_19"	varchar(20) NOT NULL,
	"age_total_15_to_19"	varchar(20) NOT NULL,
	"age_male_20_to_24"	varchar(20) NOT NULL,
	"age_female_non_pbfw_20_to_24"	varchar(20) NOT NULL,
	"age_female_pbfw_20_to_24"	varchar(20) NOT NULL,
	"age_unknown_20_to_24"	varchar(20) NOT NULL,
	"age_total_20_to_24"	varchar(20) NOT NULL,
	"age_male_25_to_49"	varchar(20) NOT NULL,
	"age_female_non_pbfw_25_to_49"	varchar(20) NOT NULL,
	"age_female_pbfw_25_to_49"	varchar(20) NOT NULL,
	"age_unknown_25_to_49"	varchar(20) NOT NULL,
	"age_total_25_to_49"	varchar(20) NOT NULL,
	"age_male_50_plus"	varchar(20) NOT NULL,
	"age_female_non_pbfw_50_plus"	varchar(20) NOT NULL,
	"age_female_pbfw_50_plus"	varchar(20) NOT NULL,
	"age_unknown_50_plus"	varchar(20) NOT NULL,
	"age_total_50_plus"	varchar(20) NOT NULL,
	"age_male_unknown"	varchar(20) NOT NULL,
	"age_female_non_pbfw_unknown"	varchar(20) NOT NULL,
	"age_female_pbfw_unknown"	varchar(20) NOT NULL,
	"age_unknown_unknown"	varchar(20) NOT NULL,
	"age_total_unknown"	varchar(20) NOT NULL,
	"age_male_totals"	varchar(20) NOT NULL,
	"age_female_non_pbfw_totals"	varchar(20) NOT NULL,
	"age_female_pbfw_totals"	varchar(20) NOT NULL,
	"age_unknown_totals"	varchar(20) NOT NULL,
	"age_total_totals"	varchar(20) NOT NULL,
	PRIMARY KEY("id" AUTOINCREMENT)
);
CREATE TABLE IF NOT EXISTS "pages_top_age_sex_dissagregation_of_all_specimens_received_brti_weekly" (
	"id"	integer NOT NULL,
	"age_male_less_than_15"	varchar(20) NOT NULL,
	"age_female_non_pbfw_less_than_15"	varchar(20) NOT NULL,
	"age_female_pbfw_less_than_15"	varchar(20) NOT NULL,
	"age_unknown_less_than_15"	varchar(20) NOT NULL,
	"age_total_less_than_15"	varchar(20) NOT NULL,
	"age_male_15_to_19"	varchar(20) NOT NULL,
	"age_female_non_pbfw_15_to_19"	varchar(20) NOT NULL,
	"age_female_pbfw_15_to_19"	varchar(20) NOT NULL,
	"age_unknown_15_to_19"	varchar(20) NOT NULL,
	"age_total_15_to_19"	varchar(20) NOT NULL,
	"age_male_20_to_24"	varchar(20) NOT NULL,
	"age_female_non_pbfw_20_to_24"	varchar(20) NOT NULL,
	"age_female_pbfw_20_to_24"	varchar(20) NOT NULL,
	"age_unknown_20_to_24"	varchar(20) NOT NULL,
	"age_total_20_to_24"	varchar(20) NOT NULL,
	"age_male_25_to_49"	varchar(20) NOT NULL,
	"age_female_non_pbfw_25_to_49"	varchar(20) NOT NULL,
	"age_female_pbfw_25_to_49"	varchar(20) NOT NULL,
	"age_unknown_25_to_49"	varchar(20) NOT NULL,
	"age_total_25_to_49"	varchar(20) NOT NULL,
	"age_male_50_plus"	varchar(20) NOT NULL,
	"age_female_non_pbfw_50_plus"	varchar(20) NOT NULL,
	"age_female_pbfw_50_plus"	varchar(20) NOT NULL,
	"age_unknown_50_plus"	varchar(20) NOT NULL,
	"age_total_50_plus"	varchar(20) NOT NULL,
	"age_male_unknown"	varchar(20) NOT NULL,
	"age_female_non_pbfw_unknown"	varchar(20) NOT NULL,
	"age_female_pbfw_unknown"	varchar(20) NOT NULL,
	"age_unknown_unknown"	varchar(20) NOT NULL,
	"age_total_unknown"	varchar(20) NOT NULL,
	"age_male_totals"	varchar(20) NOT NULL,
	"age_female_non_pbfw_totals"	varchar(20) NOT NULL,
	"age_female_pbfw_totals"	varchar(20) NOT NULL,
	"age_unknown_totals"	varchar(20) NOT NULL,
	"age_total_totals"	varchar(20) NOT NULL,
	PRIMARY KEY("id" AUTOINCREMENT)
);
CREATE TABLE IF NOT EXISTS "pages_top_age_sex_dissagregation_of_all_specimens_received_covid_19" (
	"id"	integer NOT NULL,
	"machine_number_of_machine_breakdowns_abbott"	varchar(10) NOT NULL,
	"machine_reasons_abbott"	varchar(10) NOT NULL,
	"machine_downtime_days_abbott"	varchar(10) NOT NULL,
	"machine_reasons2_abbott"	varchar(10) NOT NULL,
	"machine_stockout_days_abbott"	varchar(10) NOT NULL,
	"machine_reasons3_abbott"	varchar(10) NOT NULL,
	"machine_number_of_machine_breakdowns_genexpert"	varchar(10) NOT NULL,
	"machine_reasons_genexpert"	varchar(10) NOT NULL,
	"machine_downtime_days_genexpert"	varchar(10) NOT NULL,
	"machine_reasons2_genexpert"	varchar(10) NOT NULL,
	"machine_stockout_days_genexpert"	varchar(10) NOT NULL,
	"machine_reasons3_genexpert"	varchar(10) NOT NULL,
	"machine_number_of_machine_breakdowns_roche"	varchar(10) NOT NULL,
	"machine_reasons_roche"	varchar(10) NOT NULL,
	"machine_downtime_days_roche"	varchar(10) NOT NULL,
	"machine_reasons2_roche"	varchar(10) NOT NULL,
	"machine_stockout_days_roche"	varchar(10) NOT NULL,
	"machine_reasons3_roche"	varchar(10) NOT NULL,
	"machine_number_of_machine_breakdowns_bmx"	varchar(10) NOT NULL,
	"machine_reasons_bmx"	varchar(10) NOT NULL,
	"machine_downtime_days_bmx"	varchar(10) NOT NULL,
	"machine_reasons2_bmx"	varchar(10) NOT NULL,
	"machine_stockout_days_bmx"	varchar(10) NOT NULL,
	"machine_reasons3_bmx"	varchar(10) NOT NULL,
	PRIMARY KEY("id" AUTOINCREMENT)
);
CREATE TABLE IF NOT EXISTS "pages_top_brti_vl_weekly" (
	"id"	integer NOT NULL,
	"reporting_week"	varchar(20) NOT NULL,
	"month"	varchar(20) NOT NULL,
	"laboratory"	varchar(20) NOT NULL,
	PRIMARY KEY("id" AUTOINCREMENT)
);
CREATE TABLE IF NOT EXISTS "pages_top_brti_weekly" (
	"id"	integer NOT NULL,
	"reporting_week"	varchar(20) NOT NULL,
	"month"	varchar(20) NOT NULL,
	"laboratory"	varchar(20) NOT NULL,
	PRIMARY KEY("id" AUTOINCREMENT)
);
INSERT INTO "django_migrations" ("id","app","name","applied") VALUES (1,'contenttypes','0001_initial','2021-08-21 17:11:56.384660'),
 (2,'auth','0001_initial','2021-08-21 17:11:56.400646'),
 (3,'admin','0001_initial','2021-08-21 17:11:56.414600'),
 (4,'admin','0002_logentry_remove_auto_add','2021-08-21 17:11:56.428542'),
 (5,'admin','0003_logentry_add_action_flag_choices','2021-08-21 17:11:56.442505'),
 (6,'contenttypes','0002_remove_content_type_name','2021-08-21 17:11:56.464479'),
 (7,'auth','0002_alter_permission_name_max_length','2021-08-21 17:11:56.478409'),
 (8,'auth','0003_alter_user_email_max_length','2021-08-21 17:11:56.491374'),
 (9,'auth','0004_alter_user_username_opts','2021-08-21 17:11:56.506334'),
 (10,'auth','0005_alter_user_last_login_null','2021-08-21 17:11:56.519300'),
 (11,'auth','0006_require_contenttypes_0002','2021-08-21 17:11:56.525284'),
 (12,'auth','0007_alter_validators_add_error_messages','2021-08-21 17:11:56.538249'),
 (13,'auth','0008_alter_user_username_max_length','2021-08-21 17:11:56.551214'),
 (14,'auth','0009_alter_user_last_name_max_length','2021-08-21 17:11:56.565178'),
 (15,'auth','0010_alter_group_name_max_length','2021-08-21 17:11:56.578142'),
 (16,'auth','0011_update_proxy_permissions','2021-08-21 17:11:56.588117'),
 (17,'auth','0012_alter_user_first_name_max_length','2021-08-21 17:11:56.603076'),
 (18,'pages','0001_initial','2021-08-21 17:11:56.679901'),
 (19,'sessions','0001_initial','2021-08-21 17:11:56.688846'),
 (20,'pages','0002_auto_20210821_1914','2021-08-21 17:14:37.622273'),
 (21,'pages','0003_auto_20210821_1918','2021-08-21 17:19:01.995139'),
 (22,'pages','0004_auto_20210821_1927','2021-08-21 17:27:17.335985'),
 (23,'pages','0002_auto_20210823_0829','2021-08-23 06:29:52.447301');
INSERT INTO "django_admin_log" ("id","action_time","object_id","object_repr","change_message","content_type_id","user_id","action_flag") VALUES (1,'2021-08-23 07:45:06.858865','1','Electric_outage_brti_vl_weekly object (1)','[{"added": {}}]',7,1,1),
 (2,'2021-08-23 07:45:16.579504','2','Electric_outage_brti_vl_weekly object (2)','[{"added": {}}]',7,1,1);
INSERT INTO "django_content_type" ("id","app_label","model") VALUES (1,'admin','logentry'),
 (2,'auth','permission'),
 (3,'auth','group'),
 (4,'auth','user'),
 (5,'contenttypes','contenttype'),
 (6,'sessions','session'),
 (7,'pages','electric_outage_brti_vl_weekly'),
 (8,'pages','electric_outage_brti_weekly'),
 (9,'pages','general_brti_covid_19'),
 (10,'pages','general_covid_19'),
 (11,'pages','machine_downtime_reagent_stockout_tool_brti_covid_19'),
 (12,'pages','reasons_for_failure_brti_vl_eid'),
 (13,'pages','reasons_for_failure_brti_vl_weekly'),
 (14,'pages','reasons_for_failure_brti_weekly'),
 (15,'pages','record'),
 (16,'pages','specimens_received_brti_covid_19'),
 (17,'pages','specimens_received_brti_vl_eid'),
 (18,'pages','specimens_received_brti_weekly'),
 (19,'pages','specimens_received_covid_19'),
 (20,'pages','specimens_recieved_brti_vl_weekly'),
 (21,'pages','specimens_run_brti_covid_19'),
 (22,'pages','specimens_run_brti_vl_eid'),
 (23,'pages','specimens_run_brti_vl_weekly'),
 (24,'pages','specimens_run_brti_weekly'),
 (25,'pages','specimens_run_covid_19'),
 (26,'pages','top_3_brti_vl_weekly'),
 (27,'pages','top_3_brti_weekly'),
 (28,'pages','top_3_covid_19'),
 (29,'pages','top_4_brti_vl_weekly'),
 (30,'pages','top_4_brti_weekly'),
 (31,'pages','top_5_brti_vl_weekly'),
 (32,'pages','top_5_brti_weekly'),
 (33,'pages','top_6_1_brti_weekly'),
 (34,'pages','top_6_brti_vl_weekly'),
 (35,'pages','top_6_brti_weekly'),
 (36,'pages','top_7_brti_vl_weekly'),
 (37,'pages','top_7_brti_weekly'),
 (38,'pages','top_age_sex_dissagregation_of_all_specimens_received_brti_vl_weekly'),
 (39,'pages','top_age_sex_dissagregation_of_all_specimens_received_brti_weekly'),
 (40,'pages','top_age_sex_dissagregation_of_all_specimens_received_covid_19'),
 (41,'pages','top_brti_vl_weekly'),
 (42,'pages','top_brti_weekly'),
 (43,'pages','general_covid');
INSERT INTO "auth_permission" ("id","content_type_id","codename","name") VALUES (1,1,'add_logentry','Can add log entry'),
 (2,1,'change_logentry','Can change log entry'),
 (3,1,'delete_logentry','Can delete log entry'),
 (4,1,'view_logentry','Can view log entry'),
 (5,2,'add_permission','Can add permission'),
 (6,2,'change_permission','Can change permission'),
 (7,2,'delete_permission','Can delete permission'),
 (8,2,'view_permission','Can view permission'),
 (9,3,'add_group','Can add group'),
 (10,3,'change_group','Can change group'),
 (11,3,'delete_group','Can delete group'),
 (12,3,'view_group','Can view group'),
 (13,4,'add_user','Can add user'),
 (14,4,'change_user','Can change user'),
 (15,4,'delete_user','Can delete user'),
 (16,4,'view_user','Can view user'),
 (17,5,'add_contenttype','Can add content type'),
 (18,5,'change_contenttype','Can change content type'),
 (19,5,'delete_contenttype','Can delete content type'),
 (20,5,'view_contenttype','Can view content type'),
 (21,6,'add_session','Can add session'),
 (22,6,'change_session','Can change session'),
 (23,6,'delete_session','Can delete session'),
 (24,6,'view_session','Can view session'),
 (25,7,'add_electric_outage_brti_vl_weekly','Can add electric_outage_brti_vl_weekly'),
 (26,7,'change_electric_outage_brti_vl_weekly','Can change electric_outage_brti_vl_weekly'),
 (27,7,'delete_electric_outage_brti_vl_weekly','Can delete electric_outage_brti_vl_weekly'),
 (28,7,'view_electric_outage_brti_vl_weekly','Can view electric_outage_brti_vl_weekly'),
 (29,8,'add_electric_outage_brti_weekly','Can add electric_outage_brti_weekly'),
 (30,8,'change_electric_outage_brti_weekly','Can change electric_outage_brti_weekly'),
 (31,8,'delete_electric_outage_brti_weekly','Can delete electric_outage_brti_weekly'),
 (32,8,'view_electric_outage_brti_weekly','Can view electric_outage_brti_weekly'),
 (33,9,'add_general_brti_covid_19','Can add general_brti_covid_19'),
 (34,9,'change_general_brti_covid_19','Can change general_brti_covid_19'),
 (35,9,'delete_general_brti_covid_19','Can delete general_brti_covid_19'),
 (36,9,'view_general_brti_covid_19','Can view general_brti_covid_19'),
 (37,10,'add_general_covid_19','Can add general_covid_19'),
 (38,10,'change_general_covid_19','Can change general_covid_19'),
 (39,10,'delete_general_covid_19','Can delete general_covid_19'),
 (40,10,'view_general_covid_19','Can view general_covid_19'),
 (41,11,'add_machine_downtime_reagent_stockout_tool_brti_covid_19','Can add machine_downtime_reagent_stockout_tool_brti_covid_19'),
 (42,11,'change_machine_downtime_reagent_stockout_tool_brti_covid_19','Can change machine_downtime_reagent_stockout_tool_brti_covid_19'),
 (43,11,'delete_machine_downtime_reagent_stockout_tool_brti_covid_19','Can delete machine_downtime_reagent_stockout_tool_brti_covid_19'),
 (44,11,'view_machine_downtime_reagent_stockout_tool_brti_covid_19','Can view machine_downtime_reagent_stockout_tool_brti_covid_19'),
 (45,12,'add_reasons_for_failure_brti_vl_eid','Can add reasons_for_failure_brti_vl_eid'),
 (46,12,'change_reasons_for_failure_brti_vl_eid','Can change reasons_for_failure_brti_vl_eid'),
 (47,12,'delete_reasons_for_failure_brti_vl_eid','Can delete reasons_for_failure_brti_vl_eid'),
 (48,12,'view_reasons_for_failure_brti_vl_eid','Can view reasons_for_failure_brti_vl_eid'),
 (49,13,'add_reasons_for_failure_brti_vl_weekly','Can add reasons_for_failure_brti_vl_weekly'),
 (50,13,'change_reasons_for_failure_brti_vl_weekly','Can change reasons_for_failure_brti_vl_weekly'),
 (51,13,'delete_reasons_for_failure_brti_vl_weekly','Can delete reasons_for_failure_brti_vl_weekly'),
 (52,13,'view_reasons_for_failure_brti_vl_weekly','Can view reasons_for_failure_brti_vl_weekly'),
 (53,14,'add_reasons_for_failure_brti_weekly','Can add reasons_for_failure_brti_weekly'),
 (54,14,'change_reasons_for_failure_brti_weekly','Can change reasons_for_failure_brti_weekly'),
 (55,14,'delete_reasons_for_failure_brti_weekly','Can delete reasons_for_failure_brti_weekly'),
 (56,14,'view_reasons_for_failure_brti_weekly','Can view reasons_for_failure_brti_weekly'),
 (57,15,'add_record','Can add record'),
 (58,15,'change_record','Can change record'),
 (59,15,'delete_record','Can delete record'),
 (60,15,'view_record','Can view record'),
 (61,16,'add_specimens_received_brti_covid_19','Can add specimens_received_brti_covid_19'),
 (62,16,'change_specimens_received_brti_covid_19','Can change specimens_received_brti_covid_19'),
 (63,16,'delete_specimens_received_brti_covid_19','Can delete specimens_received_brti_covid_19'),
 (64,16,'view_specimens_received_brti_covid_19','Can view specimens_received_brti_covid_19'),
 (65,17,'add_specimens_received_brti_vl_eid','Can add specimens_received_brti_vl_eid'),
 (66,17,'change_specimens_received_brti_vl_eid','Can change specimens_received_brti_vl_eid'),
 (67,17,'delete_specimens_received_brti_vl_eid','Can delete specimens_received_brti_vl_eid'),
 (68,17,'view_specimens_received_brti_vl_eid','Can view specimens_received_brti_vl_eid'),
 (69,18,'add_specimens_received_brti_weekly','Can add specimens_received_brti_weekly'),
 (70,18,'change_specimens_received_brti_weekly','Can change specimens_received_brti_weekly'),
 (71,18,'delete_specimens_received_brti_weekly','Can delete specimens_received_brti_weekly'),
 (72,18,'view_specimens_received_brti_weekly','Can view specimens_received_brti_weekly'),
 (73,19,'add_specimens_received_covid_19','Can add specimens_received_covid_19'),
 (74,19,'change_specimens_received_covid_19','Can change specimens_received_covid_19'),
 (75,19,'delete_specimens_received_covid_19','Can delete specimens_received_covid_19'),
 (76,19,'view_specimens_received_covid_19','Can view specimens_received_covid_19'),
 (77,20,'add_specimens_recieved_brti_vl_weekly','Can add specimens_recieved_brti_vl_weekly'),
 (78,20,'change_specimens_recieved_brti_vl_weekly','Can change specimens_recieved_brti_vl_weekly'),
 (79,20,'delete_specimens_recieved_brti_vl_weekly','Can delete specimens_recieved_brti_vl_weekly'),
 (80,20,'view_specimens_recieved_brti_vl_weekly','Can view specimens_recieved_brti_vl_weekly'),
 (81,21,'add_specimens_run_brti_covid_19','Can add specimens_run_brti_covid_19'),
 (82,21,'change_specimens_run_brti_covid_19','Can change specimens_run_brti_covid_19'),
 (83,21,'delete_specimens_run_brti_covid_19','Can delete specimens_run_brti_covid_19'),
 (84,21,'view_specimens_run_brti_covid_19','Can view specimens_run_brti_covid_19'),
 (85,22,'add_specimens_run_brti_vl_eid','Can add specimens_run_brti_vl_eid'),
 (86,22,'change_specimens_run_brti_vl_eid','Can change specimens_run_brti_vl_eid'),
 (87,22,'delete_specimens_run_brti_vl_eid','Can delete specimens_run_brti_vl_eid'),
 (88,22,'view_specimens_run_brti_vl_eid','Can view specimens_run_brti_vl_eid'),
 (89,23,'add_specimens_run_brti_vl_weekly','Can add specimens_run_brti_vl_weekly'),
 (90,23,'change_specimens_run_brti_vl_weekly','Can change specimens_run_brti_vl_weekly'),
 (91,23,'delete_specimens_run_brti_vl_weekly','Can delete specimens_run_brti_vl_weekly'),
 (92,23,'view_specimens_run_brti_vl_weekly','Can view specimens_run_brti_vl_weekly'),
 (93,24,'add_specimens_run_brti_weekly','Can add specimens_run_brti_weekly'),
 (94,24,'change_specimens_run_brti_weekly','Can change specimens_run_brti_weekly'),
 (95,24,'delete_specimens_run_brti_weekly','Can delete specimens_run_brti_weekly'),
 (96,24,'view_specimens_run_brti_weekly','Can view specimens_run_brti_weekly'),
 (97,25,'add_specimens_run_covid_19','Can add specimens_run_covid_19'),
 (98,25,'change_specimens_run_covid_19','Can change specimens_run_covid_19'),
 (99,25,'delete_specimens_run_covid_19','Can delete specimens_run_covid_19'),
 (100,25,'view_specimens_run_covid_19','Can view specimens_run_covid_19'),
 (101,26,'add_top_3_brti_vl_weekly','Can add top_3_brti_vl_weekly'),
 (102,26,'change_top_3_brti_vl_weekly','Can change top_3_brti_vl_weekly'),
 (103,26,'delete_top_3_brti_vl_weekly','Can delete top_3_brti_vl_weekly'),
 (104,26,'view_top_3_brti_vl_weekly','Can view top_3_brti_vl_weekly'),
 (105,27,'add_top_3_brti_weekly','Can add top_3_brti_weekly'),
 (106,27,'change_top_3_brti_weekly','Can change top_3_brti_weekly'),
 (107,27,'delete_top_3_brti_weekly','Can delete top_3_brti_weekly'),
 (108,27,'view_top_3_brti_weekly','Can view top_3_brti_weekly'),
 (109,28,'add_top_3_covid_19','Can add top_3_covid_19'),
 (110,28,'change_top_3_covid_19','Can change top_3_covid_19'),
 (111,28,'delete_top_3_covid_19','Can delete top_3_covid_19'),
 (112,28,'view_top_3_covid_19','Can view top_3_covid_19'),
 (113,29,'add_top_4_brti_vl_weekly','Can add top_4_brti_vl_weekly'),
 (114,29,'change_top_4_brti_vl_weekly','Can change top_4_brti_vl_weekly'),
 (115,29,'delete_top_4_brti_vl_weekly','Can delete top_4_brti_vl_weekly'),
 (116,29,'view_top_4_brti_vl_weekly','Can view top_4_brti_vl_weekly'),
 (117,30,'add_top_4_brti_weekly','Can add top_4_brti_weekly'),
 (118,30,'change_top_4_brti_weekly','Can change top_4_brti_weekly'),
 (119,30,'delete_top_4_brti_weekly','Can delete top_4_brti_weekly'),
 (120,30,'view_top_4_brti_weekly','Can view top_4_brti_weekly'),
 (121,31,'add_top_5_brti_vl_weekly','Can add top_5_brti_vl_weekly'),
 (122,31,'change_top_5_brti_vl_weekly','Can change top_5_brti_vl_weekly'),
 (123,31,'delete_top_5_brti_vl_weekly','Can delete top_5_brti_vl_weekly'),
 (124,31,'view_top_5_brti_vl_weekly','Can view top_5_brti_vl_weekly'),
 (125,32,'add_top_5_brti_weekly','Can add top_5_brti_weekly'),
 (126,32,'change_top_5_brti_weekly','Can change top_5_brti_weekly'),
 (127,32,'delete_top_5_brti_weekly','Can delete top_5_brti_weekly'),
 (128,32,'view_top_5_brti_weekly','Can view top_5_brti_weekly'),
 (129,33,'add_top_6_1_brti_weekly','Can add top_6_1_brti_weekly'),
 (130,33,'change_top_6_1_brti_weekly','Can change top_6_1_brti_weekly'),
 (131,33,'delete_top_6_1_brti_weekly','Can delete top_6_1_brti_weekly'),
 (132,33,'view_top_6_1_brti_weekly','Can view top_6_1_brti_weekly'),
 (133,34,'add_top_6_brti_vl_weekly','Can add top_6_brti_vl_weekly'),
 (134,34,'change_top_6_brti_vl_weekly','Can change top_6_brti_vl_weekly'),
 (135,34,'delete_top_6_brti_vl_weekly','Can delete top_6_brti_vl_weekly'),
 (136,34,'view_top_6_brti_vl_weekly','Can view top_6_brti_vl_weekly'),
 (137,35,'add_top_6_brti_weekly','Can add top_6_brti_weekly'),
 (138,35,'change_top_6_brti_weekly','Can change top_6_brti_weekly'),
 (139,35,'delete_top_6_brti_weekly','Can delete top_6_brti_weekly'),
 (140,35,'view_top_6_brti_weekly','Can view top_6_brti_weekly'),
 (141,36,'add_top_7_brti_vl_weekly','Can add top_7_brti_vl_weekly'),
 (142,36,'change_top_7_brti_vl_weekly','Can change top_7_brti_vl_weekly'),
 (143,36,'delete_top_7_brti_vl_weekly','Can delete top_7_brti_vl_weekly'),
 (144,36,'view_top_7_brti_vl_weekly','Can view top_7_brti_vl_weekly'),
 (145,37,'add_top_7_brti_weekly','Can add top_7_brti_weekly'),
 (146,37,'change_top_7_brti_weekly','Can change top_7_brti_weekly'),
 (147,37,'delete_top_7_brti_weekly','Can delete top_7_brti_weekly'),
 (148,37,'view_top_7_brti_weekly','Can view top_7_brti_weekly'),
 (149,38,'add_top_age_sex_dissagregation_of_all_specimens_received_brti_vl_weekly','Can add top_age_sex_dissagregation_of_all_specimens_received_brti_vl_weekly'),
 (150,38,'change_top_age_sex_dissagregation_of_all_specimens_received_brti_vl_weekly','Can change top_age_sex_dissagregation_of_all_specimens_received_brti_vl_weekly'),
 (151,38,'delete_top_age_sex_dissagregation_of_all_specimens_received_brti_vl_weekly','Can delete top_age_sex_dissagregation_of_all_specimens_received_brti_vl_weekly'),
 (152,38,'view_top_age_sex_dissagregation_of_all_specimens_received_brti_vl_weekly','Can view top_age_sex_dissagregation_of_all_specimens_received_brti_vl_weekly'),
 (153,39,'add_top_age_sex_dissagregation_of_all_specimens_received_brti_weekly','Can add top_age_sex_dissagregation_of_all_specimens_received_brti_weekly'),
 (154,39,'change_top_age_sex_dissagregation_of_all_specimens_received_brti_weekly','Can change top_age_sex_dissagregation_of_all_specimens_received_brti_weekly'),
 (155,39,'delete_top_age_sex_dissagregation_of_all_specimens_received_brti_weekly','Can delete top_age_sex_dissagregation_of_all_specimens_received_brti_weekly'),
 (156,39,'view_top_age_sex_dissagregation_of_all_specimens_received_brti_weekly','Can view top_age_sex_dissagregation_of_all_specimens_received_brti_weekly'),
 (157,40,'add_top_age_sex_dissagregation_of_all_specimens_received_covid_19','Can add top_age_sex_dissagregation_of_all_specimens_received_covid_19'),
 (158,40,'change_top_age_sex_dissagregation_of_all_specimens_received_covid_19','Can change top_age_sex_dissagregation_of_all_specimens_received_covid_19'),
 (159,40,'delete_top_age_sex_dissagregation_of_all_specimens_received_covid_19','Can delete top_age_sex_dissagregation_of_all_specimens_received_covid_19'),
 (160,40,'view_top_age_sex_dissagregation_of_all_specimens_received_covid_19','Can view top_age_sex_dissagregation_of_all_specimens_received_covid_19'),
 (161,41,'add_top_brti_vl_weekly','Can add top_brti_vl_weekly'),
 (162,41,'change_top_brti_vl_weekly','Can change top_brti_vl_weekly'),
 (163,41,'delete_top_brti_vl_weekly','Can delete top_brti_vl_weekly'),
 (164,41,'view_top_brti_vl_weekly','Can view top_brti_vl_weekly'),
 (165,42,'add_top_brti_weekly','Can add top_brti_weekly'),
 (166,42,'change_top_brti_weekly','Can change top_brti_weekly'),
 (167,42,'delete_top_brti_weekly','Can delete top_brti_weekly'),
 (168,42,'view_top_brti_weekly','Can view top_brti_weekly'),
 (169,43,'add_general_covid','Can add general_covid'),
 (170,43,'change_general_covid','Can change general_covid'),
 (171,43,'delete_general_covid','Can delete general_covid'),
 (172,43,'view_general_covid','Can view general_covid');
INSERT INTO "auth_user" ("id","password","last_login","is_superuser","username","last_name","email","is_staff","is_active","date_joined","first_name") VALUES (1,'pbkdf2_sha256$216000$x6mCq6t8hZOZ$/jXyD2w01+fu5tyTbKfWeKFc8CCDqyhXx4LX/tj/9K0=','2021-08-23 07:44:48.526961',1,'kastel','','t@k.com',1,1,'2021-08-21 20:57:13.573382','');
INSERT INTO "django_session" ("session_key","session_data","expire_date") VALUES ('1mg3oloqmq1e87gllipn3cra55wvbowq','.eJxVjMsOwiAQRf-FtSG8y7h07zeQAQapGkhKuzL-uzbpQrf3nHNfLOC21rANWsKc2ZlJdvrdIqYHtR3kO7Zb56m3dZkj3xV-0MGvPdPzcrh_BxVH_dZeexOVcK54IERtESUocsUmIIjFep1BOiRNQrhoBdFUvDTGpiympNj7A9_5N98:1mHY3N:Kj8xdlDoPMhhulTxOz9tP1CzPuwNXBzlXIA2BJqyf9c','2021-09-04 20:57:21.441512');
INSERT INTO "pages_electric_outage_brti_vl_weekly" ("id","day_of_week","number_of_hours_with_no_electricity_per_day","number_of_hours_generator_was_on_per_day","litres_of_fuel_added_to_generator_per_day","number_of_hours_machines_was_not_being_used_due_to_power_cut_per_day","total_tests_done_per_day_using_generator") VALUES (1,'Monday',11,11,1,2,2),
 (2,'Monday',12,212,12,21,12);
INSERT INTO "pages_general_brti_covid_19" ("id","day_of_week","general_comments_regarding_testing_and_challenges_faced_by_the_laboratory","number_of_staff_who_tested_positive_to_covid_19_at_vl_lab","number_of_staff_who_have_been_vaccinated","Comments","Request_to_brti_from_the_laboratory") VALUES (1,'NMRL','www',1,11,'1','1111');
CREATE UNIQUE INDEX IF NOT EXISTS "auth_group_permissions_group_id_permission_id_0cd325b0_uniq" ON "auth_group_permissions" (
	"group_id",
	"permission_id"
);
CREATE INDEX IF NOT EXISTS "auth_group_permissions_group_id_b120cbf9" ON "auth_group_permissions" (
	"group_id"
);
CREATE INDEX IF NOT EXISTS "auth_group_permissions_permission_id_84c5c92e" ON "auth_group_permissions" (
	"permission_id"
);
CREATE UNIQUE INDEX IF NOT EXISTS "auth_user_groups_user_id_group_id_94350c0c_uniq" ON "auth_user_groups" (
	"user_id",
	"group_id"
);
CREATE INDEX IF NOT EXISTS "auth_user_groups_user_id_6a12ed8b" ON "auth_user_groups" (
	"user_id"
);
CREATE INDEX IF NOT EXISTS "auth_user_groups_group_id_97559544" ON "auth_user_groups" (
	"group_id"
);
CREATE UNIQUE INDEX IF NOT EXISTS "auth_user_user_permissions_user_id_permission_id_14a6b632_uniq" ON "auth_user_user_permissions" (
	"user_id",
	"permission_id"
);
CREATE INDEX IF NOT EXISTS "auth_user_user_permissions_user_id_a95ead1b" ON "auth_user_user_permissions" (
	"user_id"
);
CREATE INDEX IF NOT EXISTS "auth_user_user_permissions_permission_id_1fbb5f2c" ON "auth_user_user_permissions" (
	"permission_id"
);
CREATE INDEX IF NOT EXISTS "django_admin_log_content_type_id_c4bce8eb" ON "django_admin_log" (
	"content_type_id"
);
CREATE INDEX IF NOT EXISTS "django_admin_log_user_id_c564eba6" ON "django_admin_log" (
	"user_id"
);
CREATE UNIQUE INDEX IF NOT EXISTS "django_content_type_app_label_model_76bd3d3b_uniq" ON "django_content_type" (
	"app_label",
	"model"
);
CREATE UNIQUE INDEX IF NOT EXISTS "auth_permission_content_type_id_codename_01ab375a_uniq" ON "auth_permission" (
	"content_type_id",
	"codename"
);
CREATE INDEX IF NOT EXISTS "auth_permission_content_type_id_2f476e4b" ON "auth_permission" (
	"content_type_id"
);
CREATE INDEX IF NOT EXISTS "django_session_expire_date_a5c62663" ON "django_session" (
	"expire_date"
);

